触发条件,出现次数,平均收益%,历史最高涨幅平均%,胜率
量能: 放量 (2.11X) | 趋势: 高于MA20 | 动量: 突破转强 (阳线上穿5/10),1,57.71,88.36,100.0%
"形态: 两连阴 (-4.48%, -0.40%)",1,42.77,44.16,100.0%
"量能: 放量 (1.77X) | 形态: 两连阴 (-0.06%, -1.66%) | 趋势: 高于MA20 | 动量: 突破转强 (阳线上穿5/10)",1,38.8,41.26,100.0%
量能: 放量 (1.71X) | 趋势: 高于MA20 | 动量: 突破转强 (阳线上穿5/10),1,38.49,46.04,100.0%
"形态: 两连阴 (-2.02%, -2.95%)",1,37.89,75.59,100.0%
量能: 放量 (2.16X) | 形态: 10日内有涨停 | 趋势: 高于MA20 | 动量: 突破转强 (阳线上穿5/10),1,35.16,35.16,100.0%
"形态: 两连阴 (-9.94%, -3.07%)",1,34.11,34.11,100.0%
"趋势: 多头排列 (5>20>60) | 形态: 10日内有涨停 | 形态: 两连阴 (-0.27%, -3.38%) | 趋势: 高于MA20",1,33.68,40.18,100.0%
"趋势: 多头排列 (5>20>60) | 形态: 10日内有涨停 | 形态: 两连阴 (-2.18%, -2.06%) | 趋势: 高于MA20",1,32.31,37.11,100.0%
"形态: 两连阴 (-3.07%, -2.78%)",1,30.38,30.38,100.0%
趋势: 多头排列 (5>20>60) | 量能: 放量 (1.70X) | 形态: 10日内有涨停 | 趋势: 高于MA20,2,30.235,38.365,100.0%
"形态: 10日内有涨停 | 形态: 两连阴 (-0.40%, -0.63%) | 趋势: 高于MA20 | 动量: 突破转强 (阳线上穿5/10)",1,29.8,31.06,100.0%
量能: 放量 (1.50X) | 趋势: 高于MA20 | 动量: 突破转强 (阳线上穿5/10),2,27.88,46.115,100.0%
"形态: 两连阴 (-10.00%, -10.05%)",1,25.88,32.35,100.0%
"趋势: 多头排列 (5>20>60) | 形态: 10日内有涨停 | 形态: 两连阴 (-2.06%, -3.38%) | 趋势: 高于MA20 | 动量: 突破转强 (阳线上穿5/10)",1,25.59,30.15,100.0%
"趋势: 多头排列 (5>20>60) | 形态: 10日内有涨停 | 形态: 两连阴 (-0.58%, -0.27%) | 趋势: 高于MA20",1,25.19,31.28,100.0%
量能: 放量 (1.70X) | 趋势: 高于MA20 | 动量: 突破转强 (阳线上穿5/10),1,24.11,34.74,100.0%
趋势: 多头排列 (5>20>60) | 量能: 放量 (2.36X) | 形态: 10日内有涨停 | 趋势: 高于MA20 | 动量: 突破转强 (阳线上穿5/10),1,23.81,23.81,100.0%
"形态: 两连阴 (-2.61%, -3.85%)",1,22.16,22.16,100.0%
量能: 放量 (2.45X),1,22.02,22.82,100.0%
"趋势: 多头排列 (5>20>60) | 形态: 10日内有涨停 | 形态: 两连阴 (-5.75%, -2.29%) | 趋势: 高于MA20 | 动量: 突破转强 (阳线上穿5/10)",1,19.84,21.01,100.0%
"形态: 两连阴 (-1.66%, -0.11%)",1,19.69,19.69,100.0%
"形态: 两连阴 (-4.22%, -2.78%) | 趋势: 高于MA20",1,19.08,19.08,100.0%
"形态: 10日内有涨停 | 形态: 两连阴 (-5.02%, -0.36%) | 趋势: 高于MA20",1,18.51,27.65,100.0%
"趋势: 多头排列 (5>20>60) | 形态: 两连阴 (-2.64%, -2.78%) | 趋势: 高于MA20",1,17.87,18.31,100.0%
量能: 放量 (1.68X),1,17.35,17.35,100.0%
趋势: 多头排列 (5>20>60) | 量能: 放量 (2.50X) | 形态: 10日内有涨停 | 趋势: 高于MA20 | 动量: 突破转强 (阳线上穿5/10),1,17.26,17.97,100.0%
量能: 放量 (2.94X) | 形态: 10日内有涨停 | 动量: 突破转强 (阳线上穿5/10),1,17.2,21.75,100.0%
"趋势: 多头排列 (5>20>60) | 形态: 10日内有涨停 | 形态: 两连阴 (-2.69%, -7.33%)",1,16.96,16.96,100.0%
"趋势: 多头排列 (5>20>60) | 形态: 两连阴 (-2.78%, -3.63%) | 趋势: 高于MA20",1,16.94,17.37,100.0%
量能: 放量 (2.21X) | 形态: 10日内有涨停 | 趋势: 高于MA20 | 动量: 突破转强 (阳线上穿5/10),1,16.56,16.56,100.0%
量能: 放量 (1.76X) | 形态: 10日内有涨停 | 趋势: 高于MA20 | 动量: 突破转强 (阳线上穿5/10),1,16.25,22.38,100.0%
"形态: 两连阴 (-1.61%, -3.11%)",1,15.92,19.03,100.0%
量能: 放量 (1.62X) | 趋势: 高于MA20 | 动量: 突破转强 (阳线上穿5/10),1,15.29,17.76,100.0%
"形态: 10日内有涨停 | 形态: 两连阴 (-5.82%, -3.09%) | 趋势: 高于MA20",1,15.2,15.2,100.0%
"形态: 两连阴 (-0.48%, -1.70%)",1,14.72,14.72,100.0%
"形态: 两连阴 (-2.31%, -3.14%)",1,14.71,22.21,100.0%
"形态: 两连阴 (-3.84%, -0.15%)",1,14.19,18.0,100.0%
"趋势: 多头排列 (5>20>60) | 形态: 两连阴 (-1.12%, -2.49%)",1,13.87,24.45,100.0%
"形态: 两连阴 (-2.56%, -2.13%)",1,13.33,13.33,100.0%
"形态: 两连阴 (-1.51%, -3.30%)",1,13.33,13.33,100.0%
"形态: 两连阴 (-0.33%, -3.17%) | 趋势: 高于MA20",1,13.22,13.22,100.0%
"形态: 两连阴 (-1.16%, -1.40%)",1,13.2,18.06,100.0%
量能: 放量 (1.74X) | 形态: 10日内有涨停 | 趋势: 高于MA20,1,13.17,15.38,100.0%
趋势: 多头排列 (5>20>60) | 量能: 放量 (1.60X) | 趋势: 高于MA20 | 动量: 突破转强 (阳线上穿5/10),1,13.1,13.1,100.0%
"形态: 两连阴 (-0.67%, -1.51%)",1,12.87,12.87,100.0%
"形态: 两连阴 (-0.96%, -0.19%)",1,12.42,13.47,100.0%
量能: 放量 (1.66X) | 形态: 10日内有涨停 | 趋势: 高于MA20,1,12.34,12.34,100.0%
"趋势: 多头排列 (5>20>60) | 形态: 两连阴 (-1.26%, -9.99%)",1,12.33,12.33,100.0%
"形态: 两连阴 (-4.81%, -1.19%) | 趋势: 高于MA20 | 动量: 突破转强 (阳线上穿5/10)",1,12.33,14.31,100.0%
"趋势: 多头排列 (5>20>60) | 形态: 10日内有涨停 | 形态: 两连阴 (-0.67%, -4.24%) | 趋势: 高于MA20",1,11.93,14.61,100.0%
"形态: 两连阴 (-1.70%, -1.90%)",1,11.8,11.8,100.0%
"量能: 放量 (2.03X) | 形态: 10日内有涨停 | 形态: 两连阴 (-0.43%, -0.91%) | 趋势: 高于MA20 | 动量: 突破转强 (阳线上穿5/10)",1,11.73,11.73,100.0%
"形态: 10日内有涨停 | 形态: 两连阴 (-0.65%, -5.57%) | 趋势: 高于MA20 | 动量: 突破转强 (阳线上穿5/10)",1,11.71,11.71,100.0%
"形态: 两连阴 (-2.59%, -0.37%)",1,11.7,16.48,100.0%
量能: 放量 (1.69X) | 趋势: 高于MA20 | 动量: 突破转强 (阳线上穿5/10),4,11.45,14.3225,75.0%
"量能: 放量 (2.16X) | 形态: 两连阴 (-2.23%, -1.19%) | 趋势: 高于MA20 | 动量: 突破转强 (阳线上穿5/10)",1,11.43,11.43,100.0%
量能: 放量 (1.50X),1,11.19,13.09,100.0%
"形态: 10日内有涨停 | 形态: 两连阴 (-0.44%, -0.18%) | 趋势: 高于MA20 | 动量: 突破转强 (阳线上穿5/10)",1,11.15,16.51,100.0%
"形态: 两连阴 (-1.72%, -3.11%)",1,11.01,12.9,100.0%
"趋势: 多头排列 (5>20>60) | 形态: 10日内有涨停 | 形态: 两连阴 (-7.33%, -4.09%)",1,10.65,10.65,100.0%
量能: 放量 (1.86X) | 趋势: 高于MA20 | 动量: 突破转强 (阳线上穿5/10),1,10.37,10.37,100.0%
"形态: 10日内有涨停 | 形态: 两连阴 (-0.36%, -1.94%) | 趋势: 高于MA20 | 动量: 突破转强 (阳线上穿5/10)",1,10.35,18.87,100.0%
"趋势: 多头排列 (5>20>60) | 形态: 两连阴 (-2.74%, -0.59%)",1,10.15,18.15,100.0%
量能: 放量 (2.38X) | 形态: 10日内有涨停 | 趋势: 高于MA20 | 动量: 突破转强 (阳线上穿5/10),1,10.12,16.86,100.0%
"趋势: 多头排列 (5>20>60) | 形态: 两连阴 (-0.98%, -3.38%) | 趋势: 高于MA20",1,9.82,9.82,100.0%
"形态: 两连阴 (-0.30%, -6.00%)",1,9.55,9.55,100.0%
"形态: 两连阴 (-3.01%, -6.67%)",1,9.49,14.16,100.0%
"形态: 两连阴 (-1.42%, -5.14%) | 趋势: 高于MA20",1,9.44,11.97,100.0%
"形态: 两连阴 (-1.36%, -0.99%)",1,9.25,9.25,100.0%
"形态: 两连阴 (-0.90%, -1.22%) | 趋势: 高于MA20",1,9.08,9.85,100.0%
"形态: 两连阴 (-2.79%, -2.87%) | 趋势: 高于MA20",1,9.06,9.06,100.0%
量能: 放量 (2.26X) | 形态: 10日内有涨停 | 趋势: 高于MA20 | 动量: 突破转强 (阳线上穿5/10),1,8.98,10.16,100.0%
量能: 放量 (2.81X) | 趋势: 高于MA20 | 动量: 突破转强 (阳线上穿5/10),1,8.66,17.5,100.0%
量能: 放量 (1.65X) | 趋势: 高于MA20 | 动量: 突破转强 (阳线上穿5/10),2,8.635000000000002,27.240000000000002,50.0%
"趋势: 多头排列 (5>20>60) | 形态: 10日内有涨停 | 形态: 两连阴 (-3.37%, -5.30%) | 趋势: 高于MA20",1,8.55,8.55,100.0%
量能: 放量 (2.65X) | 形态: 10日内有涨停 | 趋势: 高于MA20,1,8.54,14.57,100.0%
"形态: 两连阴 (-2.87%, -0.59%) | 趋势: 高于MA20",1,8.49,8.49,100.0%
"形态: 两连阴 (-4.02%, -1.78%)",1,8.36,9.47,100.0%
"趋势: 多头排列 (5>20>60) | 形态: 两连阴 (-0.35%, -0.35%) | 趋势: 高于MA20",1,8.26,15.58,100.0%
量能: 放量 (2.31X) | 趋势: 高于MA20 | 动量: 突破转强 (阳线上穿5/10),1,8.19,8.33,100.0%
"形态: 两连阴 (-3.87%, -1.05%)",1,8.17,8.17,100.0%
"形态: 两连阴 (-9.99%, -6.15%)",1,8.1,8.1,100.0%
量能: 放量 (2.01X) | 趋势: 高于MA20 | 动量: 突破转强 (阳线上穿5/10),1,8.1,10.09,100.0%
"形态: 两连阴 (-27.03%, -3.95%)",1,8.01,10.71,100.0%
"趋势: 多头排列 (5>20>60) | 形态: 两连阴 (-3.50%, -7.32%)",1,7.77,13.54,100.0%
"形态: 两连阴 (-3.37%, -0.51%)",1,7.63,14.33,100.0%
"趋势: 多头排列 (5>20>60) | 形态: 10日内有涨停 | 形态: 两连阴 (-5.77%, -3.37%) | 趋势: 高于MA20",1,7.44,7.44,100.0%
"形态: 两连阴 (-3.70%, -0.19%)",1,7.43,7.43,100.0%
"形态: 两连阴 (-1.40%, -3.24%)",1,7.43,7.43,100.0%
"形态: 两连阴 (-0.15%, -0.65%) | 趋势: 高于MA20 | 动量: 突破转强 (阳线上穿5/10)",1,7.43,11.01,100.0%
"趋势: 多头排列 (5>20>60) | 形态: 10日内有涨停 | 形态: 两连阴 (-2.57%, -3.27%) | 趋势: 高于MA20",1,7.39,7.39,100.0%
"形态: 两连阴 (-0.50%, -2.82%)",1,7.37,18.73,100.0%
"形态: 两连阴 (-3.89%, -5.17%)",1,7.32,7.32,100.0%
量能: 放量 (2.32X) | 动量: 突破转强 (阳线上穿5/10),1,7.14,18.24,100.0%
"趋势: 多头排列 (5>20>60) | 形态: 两连阴 (-0.72%, -1.90%)",1,7.08,10.31,100.0%
"趋势: 多头排列 (5>20>60) | 形态: 10日内有涨停 | 形态: 两连阴 (-1.48%, -3.35%) | 趋势: 高于MA20",1,7.03,7.03,100.0%
"量能: 放量 (1.51X) | 形态: 两连阴 (-3.07%, -1.32%)",1,6.97,7.34,100.0%
"形态: 两连阴 (-2.73%, -1.49%)",1,6.82,7.28,100.0%
"形态: 两连阴 (-4.39%, -0.31%) | 趋势: 高于MA20",1,6.79,7.9,100.0%
"形态: 两连阴 (-2.18%, -7.71%)",1,6.75,6.75,100.0%
趋势: 多头排列 (5>20>60) | 量能: 放量 (1.56X) | 趋势: 高于MA20 | 动量: 突破转强 (阳线上穿5/10),1,6.7,6.7,100.0%
"形态: 两连阴 (-4.97%, -0.98%)",1,6.6,8.49,100.0%
量能: 放量 (2.36X) | 形态: 10日内有涨停 | 趋势: 高于MA20 | 动量: 突破转强 (阳线上穿5/10),1,6.51,8.97,100.0%
"形态: 两连阴 (-0.24%, -9.99%)",1,6.49,6.49,100.0%
"形态: 两连阴 (-0.87%, -1.15%) | 趋势: 高于MA20",1,6.48,10.03,100.0%
"形态: 两连阴 (-1.08%, -3.86%)",1,6.46,12.23,100.0%
"形态: 两连阴 (-6.67%, -3.15%)",1,6.37,10.91,100.0%
"形态: 两连阴 (-0.99%, -1.80%)",1,6.33,6.33,100.0%
"趋势: 多头排列 (5>20>60) | 形态: 10日内有涨停 | 形态: 两连阴 (-0.61%, -2.57%) | 趋势: 高于MA20",1,6.33,6.33,100.0%
"趋势: 多头排列 (5>20>60) | 形态: 两连阴 (-0.65%, -1.30%)",1,6.29,6.8,100.0%
"形态: 两连阴 (-0.28%, -1.39%)",1,6.09,9.0,100.0%
"形态: 两连阴 (-3.75%, -1.36%)",1,6.0,8.14,100.0%
"形态: 两连阴 (-2.19%, -5.86%)",1,5.99,5.99,100.0%
"形态: 两连阴 (-0.15%, -1.18%) | 趋势: 高于MA20",1,5.96,7.05,100.0%
"形态: 两连阴 (-2.76%, -5.92%)",1,5.95,5.95,100.0%
"形态: 两连阴 (-3.94%, -3.72%)",1,5.91,9.73,100.0%
"形态: 两连阴 (-1.94%, -1.46%) | 趋势: 高于MA20",1,5.87,5.87,100.0%
趋势: 多头排列 (5>20>60) | 量能: 放量 (1.59X) | 趋势: 高于MA20 | 动量: 突破转强 (阳线上穿5/10),2,5.81,7.19,50.0%
"趋势: 多头排列 (5>20>60) | 形态: 两连阴 (-2.83%, -5.28%)",1,5.71,5.71,100.0%
"趋势: 多头排列 (5>20>60) | 形态: 10日内有涨停 | 形态: 两连阴 (-0.38%, -5.57%) | 趋势: 高于MA20",1,5.62,6.32,100.0%
"趋势: 多头排列 (5>20>60) | 形态: 两连阴 (-2.68%, -1.01%)",1,5.45,5.45,100.0%
"趋势: 多头排列 (5>20>60) | 形态: 两连阴 (-0.35%, -0.94%) | 趋势: 高于MA20 | 动量: 突破转强 (阳线上穿5/10)",1,5.4,12.53,100.0%
趋势: 多头排列 (5>20>60) | 量能: 放量 (1.54X) | 形态: 10日内有涨停 | 趋势: 高于MA20 | 动量: 突破转强 (阳线上穿5/10),2,5.3100000000000005,11.865,100.0%
"形态: 两连阴 (-0.31%, -2.76%) | 趋势: 高于MA20",1,5.3,6.39,100.0%
"形态: 两连阴 (-0.79%, -3.94%)",1,5.13,8.93,100.0%
"形态: 两连阴 (-1.20%, -4.88%)",1,5.12,18.87,100.0%
量能: 放量 (2.45X) | 形态: 10日内有涨停 | 趋势: 高于MA20 | 动量: 突破转强 (阳线上穿5/10),1,5.03,5.03,100.0%
"趋势: 多头排列 (5>20>60) | 形态: 10日内有涨停 | 形态: 两连阴 (-3.65%, -2.88%) | 趋势: 高于MA20 | 动量: 突破转强 (阳线上穿5/10)",1,4.91,25.74,100.0%
"形态: 两连阴 (-0.93%, -2.70%)",1,4.9,6.14,100.0%
"形态: 两连阴 (-0.98%, -0.99%)",1,4.87,5.37,100.0%
"形态: 两连阴 (-4.15%, -7.03%)",1,4.61,4.61,100.0%
"趋势: 多头排列 (5>20>60) | 形态: 10日内有涨停 | 形态: 两连阴 (-6.89%, -1.42%) | 趋势: 高于MA20",1,4.58,4.58,100.0%
"趋势: 多头排列 (5>20>60) | 形态: 两连阴 (-0.66%, -0.83%)",1,4.39,5.91,100.0%
"形态: 10日内有涨停 | 形态: 两连阴 (-0.60%, -4.20%)",1,4.37,13.83,100.0%
量能: 放量 (2.03X),1,4.33,4.33,100.0%
趋势: 多头排列 (5>20>60) | 量能: 放量 (1.92X) | 趋势: 高于MA20,1,4.33,4.33,100.0%
形态: 10日内有涨停 | 动量: 突破转强 (阳线上穿5/10),2,4.329999999999999,12.27,50.0%
"形态: 两连阴 (-1.18%, -4.78%) | 趋势: 高于MA20",1,4.32,5.4,100.0%
"形态: 两连阴 (-2.44%, -1.29%) | 趋势: 高于MA20",1,4.29,16.04,100.0%
"趋势: 多头排列 (5>20>60) | 形态: 两连阴 (-1.40%, -0.30%) | 趋势: 高于MA20",1,4.25,4.25,100.0%
"趋势: 多头排列 (5>20>60) | 形态: 两连阴 (-1.60%, -3.14%) | 趋势: 高于MA20",1,4.24,10.66,100.0%
"形态: 两连阴 (-1.24%, -0.59%) | 趋势: 高于MA20",1,4.24,7.6,100.0%
"形态: 10日内有涨停 | 形态: 两连阴 (-2.45%, -2.66%) | 趋势: 高于MA20",1,4.16,4.16,100.0%
"形态: 两连阴 (-2.04%, -2.00%)",1,4.14,6.25,100.0%
"趋势: 多头排列 (5>20>60) | 形态: 两连阴 (-0.59%, -2.04%) | 趋势: 高于MA20 | 动量: 突破转强 (阳线上穿5/10)",1,4.13,11.69,100.0%
量能: 放量 (1.82X) | 形态: 10日内有涨停 | 趋势: 高于MA20,1,4.13,4.13,100.0%
量能: 放量 (2.26X) | 趋势: 高于MA20 | 动量: 突破转强 (阳线上穿5/10),1,4.07,4.52,100.0%
"量能: 放量 (1.96X) | 形态: 10日内有涨停 | 形态: 两连阴 (-0.25%, -2.02%) | 趋势: 高于MA20 | 动量: 突破转强 (阳线上穿5/10)",1,4.05,4.05,100.0%
"形态: 10日内有涨停 | 形态: 两连阴 (-4.20%, -2.51%)",1,3.91,13.32,100.0%
"形态: 两连阴 (-1.45%, -2.89%) | 趋势: 高于MA20",1,3.88,3.88,100.0%
"形态: 两连阴 (-1.23%, -1.19%)",1,3.78,6.76,100.0%
"形态: 两连阴 (-1.22%, -0.88%)",1,3.77,6.57,100.0%
"形态: 两连阴 (-4.82%, -3.04%) | 动量: 突破转强 (阳线上穿5/10)",1,3.77,4.26,100.0%
趋势: 多头排列 (5>20>60) | 量能: 放量 (2.46X) | 形态: 10日内有涨停 | 趋势: 高于MA20,1,3.74,3.74,100.0%
量能: 放量 (3.05X) | 形态: 10日内有涨停 | 趋势: 高于MA20 | 动量: 突破转强 (阳线上穿5/10),1,3.71,9.17,100.0%
趋势: 多头排列 (5>20>60) | 量能: 放量 (1.94X),1,3.66,21.69,100.0%
"形态: 两连阴 (-0.26%, -5.07%)",1,3.64,3.64,100.0%
量能: 放量 (2.10X) | 形态: 10日内有涨停 | 趋势: 高于MA20 | 动量: 突破转强 (阳线上穿5/10),1,3.59,4.7,100.0%
"趋势: 多头排列 (5>20>60) | 形态: 两连阴 (-3.09%, -0.72%) | 趋势: 高于MA20",1,3.57,6.7,100.0%
"形态: 两连阴 (-0.71%, -5.44%)",1,3.51,14.54,100.0%
"趋势: 多头排列 (5>20>60) | 形态: 10日内有涨停 | 形态: 两连阴 (-2.49%, -1.39%) | 趋势: 高于MA20 | 动量: 突破转强 (阳线上穿5/10)",1,3.49,13.11,100.0%
"形态: 两连阴 (-5.52%, -5.98%)",1,3.45,3.45,100.0%
"形态: 两连阴 (-0.43%, -0.93%)",1,3.41,4.64,100.0%
"形态: 两连阴 (-3.93%, -3.88%)",1,3.39,4.15,100.0%
"形态: 两连阴 (-3.07%, -1.03%)",1,3.37,3.37,100.0%
"形态: 两连阴 (-2.85%, -4.92%)",1,3.35,5.56,100.0%
量能: 放量 (1.51X) | 形态: 10日内有涨停 | 趋势: 高于MA20 | 动量: 突破转强 (阳线上穿5/10),1,3.35,9.09,100.0%
量能: 放量 (1.78X) | 趋势: 高于MA20 | 动量: 突破转强 (阳线上穿5/10),1,3.27,10.01,100.0%
量能: 放量 (2.93X) | 形态: 10日内有涨停 | 趋势: 高于MA20 | 动量: 突破转强 (阳线上穿5/10),1,3.26,3.26,100.0%
"形态: 两连阴 (-7.32%, -4.74%)",1,3.26,8.79,100.0%
量能: 放量 (1.62X),2,3.185,8.805,50.0%
"趋势: 多头排列 (5>20>60) | 形态: 两连阴 (-0.49%, -0.66%) | 趋势: 高于MA20",1,3.17,4.67,100.0%
"形态: 两连阴 (-3.24%, -0.15%)",1,3.1,14.73,100.0%
"趋势: 多头排列 (5>20>60) | 形态: 10日内有涨停 | 形态: 两连阴 (-0.48%, -2.48%) | 趋势: 高于MA20",1,3.08,6.99,100.0%
量能: 放量 (2.35X) | 形态: 10日内有涨停 | 趋势: 高于MA20 | 动量: 突破转强 (阳线上穿5/10),2,3.0749999999999997,6.82,100.0%
趋势: 多头排列 (5>20>60) | 量能: 放量 (1.72X) | 趋势: 高于MA20 | 动量: 突破转强 (阳线上穿5/10),3,3.07,9.803333333333333,33.33%
"形态: 两连阴 (-4.53%, -0.97%)",1,3.0,9.96,100.0%
"量能: 放量 (2.09X) | 形态: 10日内有涨停 | 形态: 两连阴 (-0.56%, -2.37%) | 趋势: 高于MA20 | 动量: 突破转强 (阳线上穿5/10)",1,3.0,3.97,100.0%
"形态: 两连阴 (-0.81%, -2.25%)",1,2.95,4.32,100.0%
趋势: 多头排列 (5>20>60) | 量能: 放量 (1.50X) | 趋势: 高于MA20,1,2.9,5.65,100.0%
量能: 放量 (1.63X),1,2.81,3.16,100.0%
"趋势: 多头排列 (5>20>60) | 形态: 两连阴 (-1.65%, -4.14%) | 趋势: 高于MA20",1,2.79,2.79,100.0%
"形态: 两连阴 (-0.59%, -3.07%)",1,2.77,3.13,100.0%
量能: 放量 (2.15X) | 形态: 10日内有涨停 | 趋势: 高于MA20 | 动量: 突破转强 (阳线上穿5/10),1,2.75,3.48,100.0%
"形态: 两连阴 (-4.41%, -0.38%)",1,2.68,2.99,100.0%
趋势: 多头排列 (5>20>60) | 量能: 放量 (1.51X) | 趋势: 高于MA20 | 动量: 突破转强 (阳线上穿5/10),1,2.68,2.68,100.0%
"形态: 两连阴 (-2.04%, -6.36%)",1,2.65,2.65,100.0%
"量能: 放量 (2.16X) | 形态: 两连阴 (-2.99%, -0.31%) | 趋势: 高于MA20 | 动量: 突破转强 (阳线上穿5/10)",1,2.63,4.39,100.0%
"形态: 两连阴 (-0.10%, -0.21%)",1,2.62,2.62,100.0%
"趋势: 多头排列 (5>20>60) | 形态: 两连阴 (-0.99%, -1.41%)",1,2.62,10.06,100.0%
"趋势: 多头排列 (5>20>60) | 形态: 两连阴 (-4.13%, -3.59%)",1,2.6,4.5,100.0%
"趋势: 多头排列 (5>20>60) | 形态: 两连阴 (-0.33%, -3.07%)",1,2.58,2.58,100.0%
量能: 放量 (2.66X) | 形态: 10日内有涨停 | 趋势: 高于MA20 | 动量: 突破转强 (阳线上穿5/10),1,2.56,7.96,100.0%
"量能: 放量 (1.96X) | 形态: 两连阴 (-6.00%, -3.42%)",1,2.5,2.5,100.0%
"趋势: 多头排列 (5>20>60) | 形态: 10日内有涨停 | 形态: 两连阴 (-2.80%, -2.50%) | 趋势: 高于MA20",1,2.47,6.44,100.0%
"趋势: 多头排列 (5>20>60) | 形态: 10日内有涨停 | 形态: 两连阴 (-3.05%, -1.52%) | 趋势: 高于MA20",1,2.46,9.39,100.0%
量能: 放量 (1.99X),2,2.445,8.605,100.0%
"形态: 两连阴 (-0.74%, -2.14%) | 趋势: 高于MA20 | 动量: 突破转强 (阳线上穿5/10)",1,2.43,3.4,100.0%
"趋势: 多头排列 (5>20>60) | 形态: 两连阴 (-1.39%, -1.92%) | 趋势: 高于MA20",1,2.43,10.01,100.0%
"形态: 两连阴 (-1.51%, -0.31%)",1,2.41,2.41,100.0%
"量能: 放量 (1.52X) | 形态: 两连阴 (-0.34%, -5.21%) | 趋势: 高于MA20 | 动量: 突破转强 (阳线上穿5/10)",1,2.34,3.89,100.0%
"趋势: 多头排列 (5>20>60) | 形态: 10日内有涨停 | 形态: 两连阴 (-0.77%, -7.04%) | 趋势: 高于MA20",1,2.32,2.32,100.0%
"形态: 两连阴 (-2.21%, -0.81%)",1,2.3,5.25,100.0%
"形态: 10日内有涨停 | 形态: 两连阴 (-3.08%, -1.71%) | 趋势: 高于MA20",1,2.26,7.04,100.0%
"形态: 两连阴 (-1.26%, -0.29%)",1,2.25,7.51,100.0%
量能: 放量 (1.65X),2,2.1449999999999996,5.455,50.0%
"形态: 两连阴 (-3.79%, -4.95%)",1,2.01,6.95,100.0%
"形态: 10日内有涨停 | 形态: 两连阴 (-2.57%, -0.39%)",1,2.01,2.01,100.0%
趋势: 多头排列 (5>20>60) | 量能: 放量 (1.85X) | 形态: 10日内有涨停 | 趋势: 高于MA20,1,2.0,5.51,100.0%
量能: 放量 (1.76X),1,2.0,2.0,100.0%
趋势: 多头排列 (5>20>60) | 量能: 放量 (1.77X) | 趋势: 高于MA20 | 动量: 突破转强 (阳线上穿5/10),1,1.98,12.6,100.0%
量能: 放量 (1.90X) | 趋势: 高于MA20 | 动量: 突破转强 (阳线上穿5/10),1,1.97,4.08,100.0%
"形态: 两连阴 (-0.21%, -3.91%)",1,1.94,3.23,100.0%
"形态: 两连阴 (-0.85%, -1.37%) | 趋势: 高于MA20",1,1.91,5.37,100.0%
"趋势: 多头排列 (5>20>60) | 形态: 两连阴 (-1.12%, -2.68%)",1,1.9,1.9,100.0%
"趋势: 多头排列 (5>20>60) | 量能: 放量 (2.39X) | 形态: 两连阴 (-1.18%, -3.05%) | 趋势: 高于MA20 | 动量: 突破转强 (阳线上穿5/10)",1,1.89,4.62,100.0%
量能: 放量 (1.88X) | 形态: 10日内有涨停 | 趋势: 高于MA20 | 动量: 突破转强 (阳线上穿5/10),1,1.88,14.4,100.0%
"形态: 10日内有涨停 | 形态: 两连阴 (-2.44%, -3.99%)",1,1.87,2.29,100.0%
"形态: 两连阴 (-0.61%, -0.15%)",1,1.84,5.21,100.0%
量能: 放量 (1.83X) | 趋势: 高于MA20 | 动量: 突破转强 (阳线上穿5/10),1,1.83,4.28,100.0%
"趋势: 多头排列 (5>20>60) | 形态: 两连阴 (-2.52%, -4.13%) | 趋势: 高于MA20 | 动量: 突破转强 (阳线上穿5/10)",1,1.82,6.73,100.0%
"趋势: 多头排列 (5>20>60) | 形态: 10日内有涨停 | 形态: 两连阴 (-1.80%, -0.75%) | 趋势: 高于MA20",1,1.82,1.82,100.0%
"形态: 10日内有涨停 | 形态: 两连阴 (-4.88%, -1.32%)",1,1.8,2.04,100.0%
"趋势: 多头排列 (5>20>60) | 形态: 10日内有涨停 | 形态: 两连阴 (-4.24%, -2.21%) | 趋势: 高于MA20 | 动量: 突破转强 (阳线上穿5/10)",1,1.78,4.21,100.0%
"形态: 两连阴 (-0.12%, -0.38%)",1,1.76,1.76,100.0%
"形态: 两连阴 (-1.34%, -1.67%)",1,1.75,3.83,100.0%
"形态: 两连阴 (-1.27%, -0.34%)",1,1.75,2.98,100.0%
"形态: 两连阴 (-2.15%, -4.40%)",1,1.73,1.73,100.0%
量能: 放量 (1.78X) | 动量: 突破转强 (阳线上穿5/10),1,1.72,4.08,100.0%
"形态: 两连阴 (-1.52%, -0.77%)",1,1.67,1.67,100.0%
"形态: 两连阴 (-5.06%, -4.51%)",1,1.66,5.59,100.0%
"形态: 10日内有涨停 | 形态: 两连阴 (-2.29%, -0.42%) | 趋势: 高于MA20 | 动量: 突破转强 (阳线上穿5/10)",1,1.62,1.62,100.0%
"形态: 两连阴 (-1.77%, -3.33%)",1,1.61,3.51,100.0%
量能: 放量 (1.93X) | 趋势: 高于MA20 | 动量: 突破转强 (阳线上穿5/10),1,1.6,6.39,100.0%
"形态: 两连阴 (-0.34%, -1.73%)",1,1.56,1.56,100.0%
"趋势: 多头排列 (5>20>60) | 形态: 两连阴 (-0.35%, -0.58%) | 趋势: 高于MA20",1,1.51,1.51,100.0%
"形态: 10日内有涨停 | 形态: 两连阴 (-1.91%, -0.06%) | 趋势: 高于MA20 | 动量: 突破转强 (阳线上穿5/10)",1,1.49,2.27,100.0%
量能: 放量 (2.39X) | 形态: 10日内有涨停 | 趋势: 高于MA20 | 动量: 突破转强 (阳线上穿5/10),1,1.46,6.0,100.0%
"趋势: 多头排列 (5>20>60) | 形态: 10日内有涨停 | 形态: 两连阴 (-4.78%, -2.91%) | 趋势: 高于MA20",1,1.36,1.36,100.0%
"趋势: 多头排列 (5>20>60) | 形态: 两连阴 (-3.75%, -2.03%) | 趋势: 高于MA20",1,1.36,1.36,100.0%
"趋势: 多头排列 (5>20>60) | 形态: 两连阴 (-7.70%, -2.90%) | 趋势: 高于MA20 | 动量: 突破转强 (阳线上穿5/10)",1,1.33,5.27,100.0%
"形态: 两连阴 (-0.29%, -2.60%)",1,1.33,1.33,100.0%
"形态: 两连阴 (-4.03%, -0.32%)",1,1.27,2.54,100.0%
量能: 放量 (1.59X) | 形态: 10日内有涨停 | 趋势: 高于MA20,2,1.2600000000000007,7.25,50.0%
"形态: 两连阴 (-5.61%, -2.91%)",1,1.25,2.01,100.0%
量能: 放量 (1.55X) | 趋势: 高于MA20 | 动量: 突破转强 (阳线上穿5/10),3,1.2466666666666668,2.703333333333333,66.67%
"形态: 两连阴 (-5.18%, -0.78%)",1,1.23,12.46,100.0%
"形态: 两连阴 (-3.00%, -1.90%)",1,1.22,5.13,100.0%
"量能: 放量 (1.68X) | 形态: 两连阴 (-1.36%, -2.07%) | 趋势: 高于MA20 | 动量: 突破转强 (阳线上穿5/10)",1,1.22,1.59,100.0%
"形态: 10日内有涨停 | 形态: 两连阴 (-3.99%, -4.10%)",1,1.2,1.62,100.0%
"趋势: 多头排列 (5>20>60) | 形态: 两连阴 (-2.83%, -0.28%)",1,1.12,2.52,100.0%
"形态: 两连阴 (-5.44%, -0.13%)",1,1.1,11.87,100.0%
量能: 放量 (2.32X) | 趋势: 高于MA20 | 动量: 突破转强 (阳线上穿5/10),1,1.1,7.18,100.0%
"形态: 两连阴 (-1.75%, -1.97%)",1,1.06,2.61,100.0%
"趋势: 多头排列 (5>20>60) | 形态: 两连阴 (-3.52%, -2.11%)",1,1.06,2.11,100.0%
"形态: 两连阴 (-1.00%, -0.81%)",1,1.03,4.73,100.0%
"形态: 两连阴 (-3.73%, -5.01%)",1,1.01,4.28,100.0%
"趋势: 多头排列 (5>20>60) | 形态: 10日内有涨停 | 形态: 两连阴 (-2.03%, -0.90%)",1,1.01,7.7,100.0%
"形态: 两连阴 (-3.10%, -6.29%)",1,1.0,1.0,100.0%
"形态: 两连阴 (-4.62%, -3.39%)",1,0.98,0.98,100.0%
"趋势: 多头排列 (5>20>60) | 形态: 两连阴 (-1.59%, -0.22%) | 趋势: 高于MA20",1,0.96,1.6,100.0%
"量能: 放量 (1.82X) | 形态: 两连阴 (-1.87%, -0.72%) | 趋势: 高于MA20 | 动量: 突破转强 (阳线上穿5/10)",1,0.92,1.83,100.0%
"形态: 两连阴 (-1.40%, -0.15%)",1,0.91,3.78,100.0%
"趋势: 多头排列 (5>20>60) | 形态: 两连阴 (-0.87%, -2.91%)",1,0.9,2.99,100.0%
"形态: 两连阴 (-3.64%, -0.33%) | 趋势: 高于MA20",1,0.9,8.6,100.0%
"形态: 两连阴 (-2.99%, -3.60%)",1,0.89,3.04,100.0%
"趋势: 多头排列 (5>20>60) | 形态: 10日内有涨停 | 形态: 两连阴 (-3.72%, -3.33%) | 趋势: 高于MA20",1,0.8,0.8,100.0%
"形态: 两连阴 (-2.50%, -2.29%)",1,0.77,1.75,100.0%
"形态: 两连阴 (-0.88%, -0.88%)",1,0.76,1.52,100.0%
"形态: 两连阴 (-0.72%, -2.03%) | 趋势: 高于MA20",1,0.75,7.32,100.0%
趋势: 多头排列 (5>20>60) | 量能: 放量 (1.64X) | 形态: 10日内有涨停 | 趋势: 高于MA20 | 动量: 突破转强 (阳线上穿5/10),1,0.74,0.74,100.0%
趋势: 多头排列 (5>20>60) | 量能: 放量 (2.11X) | 趋势: 高于MA20 | 动量: 突破转强 (阳线上穿5/10),1,0.73,4.64,100.0%
"趋势: 多头排列 (5>20>60) | 形态: 10日内有涨停 | 形态: 两连阴 (-7.04%, -5.30%) | 趋势: 高于MA20",1,0.71,0.71,100.0%
"趋势: 多头排列 (5>20>60) | 形态: 两连阴 (-0.40%, -0.60%) | 趋势: 高于MA20",1,0.7,0.7,100.0%
"趋势: 多头排列 (5>20>60) | 形态: 两连阴 (-2.35%, -1.44%) | 趋势: 高于MA20",1,0.68,0.68,100.0%
"形态: 两连阴 (-2.03%, -1.85%) | 趋势: 高于MA20",1,0.68,7.24,100.0%
"形态: 两连阴 (-1.42%, -1.65%)",1,0.64,0.85,100.0%
"形态: 10日内有涨停 | 形态: 两连阴 (-1.71%, -1.00%) | 趋势: 高于MA20",1,0.62,5.32,100.0%
"趋势: 多头排列 (5>20>60) | 形态: 两连阴 (-0.27%, -4.15%)",1,0.58,4.92,100.0%
"趋势: 多头排列 (5>20>60) | 形态: 两连阴 (-2.51%, -1.77%) | 趋势: 高于MA20",1,0.56,9.92,100.0%
"趋势: 多头排列 (5>20>60) | 形态: 两连阴 (-0.13%, -0.13%)",1,0.51,3.64,100.0%
"趋势: 多头排列 (5>20>60) | 形态: 两连阴 (-3.33%, -2.39%)",1,0.44,12.63,100.0%
"趋势: 多头排列 (5>20>60) | 形态: 两连阴 (-3.02%, -2.62%) | 趋势: 高于MA20",1,0.42,2.54,100.0%
"趋势: 多头排列 (5>20>60) | 形态: 10日内有涨停 | 形态: 两连阴 (-2.48%, -1.64%) | 趋势: 高于MA20",1,0.41,4.22,100.0%
"形态: 两连阴 (-0.52%, -0.23%)",1,0.38,0.38,100.0%
"形态: 两连阴 (-2.85%, -1.10%)",1,0.37,0.93,100.0%
"趋势: 多头排列 (5>20>60) | 形态: 两连阴 (-1.77%, -3.52%)",1,0.37,1.42,100.0%
"趋势: 多头排列 (5>20>60) | 形态: 两连阴 (-3.18%, -2.04%)",1,0.37,0.37,100.0%
"形态: 两连阴 (-0.84%, -1.69%)",2,0.3650000000000002,7.880000000000001,50.0%
"形态: 两连阴 (-0.55%, -1.22%)",1,0.31,2.94,100.0%
量能: 放量 (1.68X) | 趋势: 高于MA20 | 动量: 突破转强 (阳线上穿5/10),1,0.31,0.31,100.0%
量能: 放量 (2.88X) | 形态: 10日内有涨停 | 趋势: 高于MA20 | 动量: 突破转强 (阳线上穿5/10),1,0.27,5.63,100.0%
"形态: 两连阴 (-3.04%, -0.17%)",1,0.26,3.08,100.0%
"趋势: 多头排列 (5>20>60) | 形态: 10日内有涨停 | 形态: 两连阴 (-0.72%, -0.24%) | 趋势: 高于MA20",1,0.24,0.48,100.0%
"形态: 两连阴 (-4.21%, -5.31%)",1,0.21,0.28,100.0%
"形态: 两连阴 (-0.17%, -2.99%)",1,0.18,2.31,100.0%
"形态: 两连阴 (-0.70%, -1.41%) | 趋势: 高于MA20",1,0.18,2.15,100.0%
"形态: 两连阴 (-1.32%, -1.34%)",1,0.16,1.66,100.0%
量能: 放量 (1.56X) | 趋势: 高于MA20 | 动量: 突破转强 (阳线上穿5/10),4,0.10999999999999999,7.6450000000000005,50.0%
量能: 放量 (1.61X),2,0.03500000000000014,6.665,50.0%
趋势: 多头排列 (5>20>60) | 趋势: 高于MA20 | 动量: 突破转强 (阳线上穿5/10),122,0.018032786885245865,7.276557377049181,52.46%
"形态: 两连阴 (-5.91%, -4.13%)",1,0.0,2.78,0.0%
"形态: 两连阴 (-4.98%, -5.02%)",1,0.0,0.0,0.0%
"形态: 两连阴 (-0.93%, -0.75%)",1,0.0,0.56,0.0%
"量能: 放量 (1.54X) | 形态: 两连阴 (-2.16%, -0.78%)",1,0.0,0.0,0.0%
"形态: 两连阴 (-4.93%, -4.98%)",1,0.0,0.0,0.0%
"形态: 两连阴 (-1.86%, -4.46%)",1,0.0,0.0,0.0%
"形态: 两连阴 (-1.65%, -0.98%) | 趋势: 高于MA20",1,0.0,1.0,0.0%
"形态: 两连阴 (-0.41%, -1.03%)",1,0.0,0.63,0.0%
"形态: 两连阴 (-9.98%, -1.20%)",1,0.0,13.08,0.0%
量能: 放量 (1.67X),1,0.0,2.97,0.0%
"形态: 两连阴 (-3.91%, -0.43%)",1,0.0,1.27,0.0%
"形态: 两连阴 (-2.39%, -2.56%)",1,-0.04,12.1,0.0%
量能: 放量 (1.59X) | 趋势: 高于MA20 | 动量: 突破转强 (阳线上穿5/10),2,-0.10499999999999998,8.035,50.0%
"形态: 两连阴 (-4.11%, -0.50%)",1,-0.12,2.63,0.0%
"形态: 两连阴 (-0.91%, -0.26%)",1,-0.14,2.03,0.0%
"形态: 两连阴 (-1.35%, -1.77%)",1,-0.14,1.72,0.0%
量能: 放量 (1.79X) | 趋势: 高于MA20,1,-0.17,-0.17,0.0%
"形态: 两连阴 (-2.03%, -1.28%)",1,-0.17,1.82,0.0%
"形态: 两连阴 (-0.34%, -2.06%)",1,-0.17,1.03,0.0%
"形态: 两连阴 (-0.64%, -1.24%)",1,-0.18,1.27,0.0%
"形态: 两连阴 (-1.24%, -1.25%)",1,-0.18,1.27,0.0%
"形态: 两连阴 (-0.54%, -2.36%)",1,-0.19,1.48,0.0%
"形态: 两连阴 (-0.60%, -1.00%) | 趋势: 高于MA20",1,-0.2,3.46,0.0%
"趋势: 多头排列 (5>20>60) | 形态: 两连阴 (-5.78%, -3.07%)",1,-0.2,-0.2,0.0%
"形态: 两连阴 (-1.83%, -2.55%)",1,-0.21,2.46,0.0%
"形态: 两连阴 (-3.17%, -0.41%)",1,-0.25,-0.25,0.0%
"形态: 两连阴 (-4.60%, -1.41%)",1,-0.25,-0.25,0.0%
"形态: 两连阴 (-1.51%, -0.77%)",1,-0.27,5.36,0.0%
趋势: 多头排列 (5>20>60) | 量能: 放量 (1.74X) | 形态: 10日内有涨停 | 趋势: 高于MA20 | 动量: 突破转强 (阳线上穿5/10),1,-0.29,3.2,0.0%
"形态: 两连阴 (-0.91%, -0.77%)",1,-0.31,2.42,0.0%
"形态: 两连阴 (-1.13%, -1.52%)",1,-0.31,-0.31,0.0%
趋势: 多头排列 (5>20>60) | 趋势: 高于MA20,171,-0.33625730994152053,5.919005847953216,42.11%
"形态: 两连阴 (-2.54%, -1.14%)",1,-0.34,2.43,0.0%
"趋势: 多头排列 (5>20>60) | 形态: 两连阴 (-4.90%, -1.27%)",1,-0.36,0.79,0.0%
"形态: 两连阴 (-0.65%, -2.22%)",1,-0.39,0.92,0.0%
"形态: 两连阴 (-3.79%, -7.58%)",1,-0.4,0.8,0.0%
"趋势: 多头排列 (5>20>60) | 形态: 10日内有涨停 | 形态: 两连阴 (-0.08%, -6.51%) | 趋势: 高于MA20",1,-0.45,-0.45,0.0%
"形态: 两连阴 (-1.13%, -1.14%)",2,-0.45999999999999996,3.27,50.0%
"趋势: 多头排列 (5>20>60) | 形态: 10日内有涨停 | 形态: 两连阴 (-0.47%, -1.80%) | 趋势: 高于MA20",1,-0.48,-0.48,0.0%
"趋势: 多头排列 (5>20>60) | 形态: 两连阴 (-0.21%, -1.69%) | 趋势: 高于MA20",1,-0.5,5.28,0.0%
"形态: 10日内有涨停 | 形态: 两连阴 (-4.20%, -0.11%)",1,-0.51,16.15,0.0%
"趋势: 多头排列 (5>20>60) | 形态: 两连阴 (-1.86%, -0.95%) | 趋势: 高于MA20",1,-0.51,2.59,0.0%
"形态: 两连阴 (-1.11%, -2.50%)",1,-0.55,0.41,0.0%
"形态: 两连阴 (-2.26%, -1.22%)",1,-0.55,4.52,0.0%
"趋势: 多头排列 (5>20>60) | 形态: 10日内有涨停 | 形态: 两连阴 (-2.03%, -0.97%) | 趋势: 高于MA20 | 动量: 突破转强 (阳线上穿5/10)",1,-0.62,6.34,0.0%
量能: 放量 (1.54X) | 趋势: 高于MA20 | 动量: 突破转强 (阳线上穿5/10),4,-0.6200000000000001,4.925,25.0%
"形态: 两连阴 (-0.21%, -0.41%)",1,-0.63,0.0,0.0%
"形态: 两连阴 (-3.17%, -2.03%)",1,-0.65,1.18,0.0%
"形态: 两连阴 (-1.67%, -2.60%)",1,-0.65,1.38,0.0%
"趋势: 多头排列 (5>20>60) | 形态: 10日内有涨停 | 形态: 两连阴 (-9.97%, -5.74%) | 趋势: 高于MA20",1,-0.67,0.22,0.0%
"形态: 两连阴 (-2.30%, -1.46%)",1,-0.7,0.7,0.0%
"趋势: 多头排列 (5>20>60) | 形态: 10日内有涨停 | 形态: 两连阴 (-5.09%, -4.43%) | 趋势: 高于MA20",1,-0.71,-0.24,0.0%
"形态: 两连阴 (-3.19%, -1.22%)",1,-0.71,4.06,0.0%
"趋势: 多头排列 (5>20>60) | 量能: 放量 (1.50X) | 形态: 两连阴 (-1.70%, -0.53%) | 趋势: 高于MA20 | 动量: 突破转强 (阳线上穿5/10)",1,-0.72,1.52,0.0%
"趋势: 多头排列 (5>20>60) | 形态: 10日内有涨停 | 形态: 两连阴 (-5.73%, -2.40%) | 趋势: 高于MA20",1,-0.74,-0.74,0.0%
"形态: 两连阴 (-0.26%, -2.18%)",1,-0.74,1.41,0.0%
"形态: 两连阴 (-1.45%, -1.83%)",1,-0.75,1.13,0.0%
"形态: 两连阴 (-1.92%, -0.49%)",1,-0.79,2.44,0.0%
"形态: 两连阴 (-1.52%, -0.31%)",1,-0.8,0.32,0.0%
"形态: 两连阴 (-2.06%, -2.10%)",1,-0.81,3.91,0.0%
"趋势: 多头排列 (5>20>60) | 形态: 两连阴 (-0.27%, -1.10%) | 趋势: 高于MA20 | 动量: 突破转强 (阳线上穿5/10)",1,-0.82,2.01,0.0%
"形态: 两连阴 (-4.20%, -4.08%)",1,-0.82,2.45,0.0%
"形态: 两连阴 (-2.22%, -0.62%)",1,-0.84,1.26,0.0%
"形态: 两连阴 (-0.60%, -1.42%)",1,-0.84,-0.63,0.0%
量能: 放量 (1.53X) | 趋势: 高于MA20 | 动量: 突破转强 (阳线上穿5/10),3,-0.8699999999999998,5.126666666666666,66.67%
"形态: 10日内有涨停 | 形态: 两连阴 (-0.55%, -3.11%) | 趋势: 高于MA20 | 动量: 突破转强 (阳线上穿5/10)",1,-0.89,3.56,0.0%
"形态: 10日内有涨停 | 形态: 两连阴 (-5.44%, -7.16%)",1,-0.92,1.76,0.0%
"趋势: 多头排列 (5>20>60) | 形态: 两连阴 (-0.79%, -0.74%) | 趋势: 高于MA20",1,-0.94,2.27,0.0%
"形态: 两连阴 (-0.93%, -0.63%) | 趋势: 高于MA20",1,-0.95,-0.05,0.0%
"趋势: 多头排列 (5>20>60) | 形态: 两连阴 (-1.08%, -3.62%) | 趋势: 高于MA20",1,-0.96,3.93,0.0%
"形态: 两连阴 (-6.40%, -3.55%)",1,-0.98,2.79,0.0%
"形态: 两连阴 (-2.10%, -2.31%) | 趋势: 高于MA20",1,-1.01,-0.67,0.0%
"趋势: 多头排列 (5>20>60) | 形态: 两连阴 (-0.75%, -0.13%) | 趋势: 高于MA20",1,-1.01,2.08,0.0%
"形态: 两连阴 (-0.99%, -1.67%)",1,-1.02,3.23,0.0%
"形态: 两连阴 (-1.10%, -2.56%)",1,-1.03,1.59,0.0%
"形态: 两连阴 (-0.46%, -0.12%) | 动量: 突破转强 (阳线上穿5/10)",1,-1.03,6.38,0.0%
趋势: 多头排列 (5>20>60) | 量能: 放量 (1.76X) | 形态: 10日内有涨停 | 趋势: 高于MA20 | 动量: 突破转强 (阳线上穿5/10),1,-1.04,2.42,0.0%
"形态: 两连阴 (-2.34%, -2.52%)",1,-1.04,-0.39,0.0%
"形态: 两连阴 (-1.00%, -2.68%)",1,-1.04,1.56,0.0%
"趋势: 多头排列 (5>20>60) | 形态: 两连阴 (-2.03%, -0.31%) | 趋势: 高于MA20",1,-1.05,3.14,0.0%
量能: 放量 (1.87X) | 形态: 10日内有涨停 | 趋势: 高于MA20 | 动量: 突破转强 (阳线上穿5/10),2,-1.065,12.75,50.0%
"形态: 两连阴 (-6.00%, -3.00%)",1,-1.08,0.46,0.0%
趋势: 多头排列 (5>20>60) | 量能: 放量 (1.76X) | 趋势: 高于MA20 | 动量: 突破转强 (阳线上穿5/10),1,-1.08,5.01,0.0%
"形态: 两连阴 (-1.82%, -1.08%)",1,-1.09,1.55,0.0%
"形态: 两连阴 (-1.10%, -3.10%)",1,-1.1,-1.1,0.0%
"形态: 两连阴 (-5.64%, -4.25%)",1,-1.11,2.34,0.0%
"形态: 两连阴 (-2.98%, -0.74%)",1,-1.11,-1.11,0.0%
"形态: 两连阴 (-0.69%, -0.28%)",1,-1.12,7.26,0.0%
"形态: 两连阴 (-3.10%, -1.72%)",1,-1.13,0.4,0.0%
"趋势: 多头排列 (5>20>60) | 形态: 两连阴 (-0.90%, -2.93%) | 趋势: 高于MA20",1,-1.13,5.42,0.0%
形态: 10日内有涨停 | 趋势: 高于MA20 | 动量: 突破转强 (阳线上穿5/10),58,-1.1462068965517243,7.2346551724137935,37.93%
"形态: 两连阴 (-3.14%, -1.97%)",1,-1.19,0.24,0.0%
"趋势: 多头排列 (5>20>60) | 形态: 10日内有涨停 | 形态: 两连阴 (-7.02%, -4.22%) | 趋势: 高于MA20",1,-1.21,3.43,0.0%
"形态: 两连阴 (-0.40%, -10.02%)",1,-1.22,-0.53,0.0%
"形态: 两连阴 (-1.64%, -1.11%)",1,-1.22,3.5,0.0%
"形态: 两连阴 (-1.04%, -1.35%)",2,-1.225,0.69,50.0%
"形态: 两连阴 (-0.80%, -2.02%)",1,-1.23,0.41,0.0%
"形态: 两连阴 (-1.39%, -0.35%)",1,-1.24,0.79,0.0%
"形态: 两连阴 (-1.01%, -1.02%)",1,-1.24,0.8,0.0%
"形态: 两连阴 (-0.77%, -1.39%)",1,-1.24,0.79,0.0%
"形态: 两连阴 (-1.22%, -1.10%)",1,-1.26,7.11,0.0%
"趋势: 多头排列 (5>20>60) | 形态: 两连阴 (-2.96%, -2.64%)",1,-1.28,-0.71,0.0%
"形态: 两连阴 (-2.91%, -3.30%)",1,-1.34,8.21,0.0%
"形态: 两连阴 (-0.86%, -2.16%)",1,-1.36,5.88,0.0%
"形态: 两连阴 (-3.73%, -2.79%)",1,-1.37,1.99,0.0%
"形态: 两连阴 (-4.10%, -2.29%)",1,-1.4,1.03,0.0%
"形态: 两连阴 (-2.20%, -1.05%)",1,-1.4,0.78,0.0%
趋势: 高于MA20 | 动量: 突破转强 (阳线上穿5/10),372,-1.4338172043010753,6.219005376344086,31.45%
"形态: 两连阴 (-0.49%, -2.51%)",1,-1.44,2.04,0.0%
趋势: 多头排列 (5>20>60) | 量能: 放量 (2.05X) | 形态: 10日内有涨停 | 趋势: 高于MA20 | 动量: 突破转强 (阳线上穿5/10),1,-1.46,2.78,0.0%
"形态: 两连阴 (-1.96%, -0.36%)",1,-1.47,0.0,0.0%
"趋势: 多头排列 (5>20>60) | 形态: 两连阴 (-3.02%, -1.74%)",1,-1.47,0.66,0.0%
"形态: 两连阴 (-1.20%, -1.93%)",1,-1.51,1.66,0.0%
"趋势: 多头排列 (5>20>60) | 形态: 两连阴 (-0.41%, -0.27%) | 趋势: 高于MA20",1,-1.52,-0.41,0.0%
"形态: 两连阴 (-0.55%, -0.69%)",1,-1.53,6.82,0.0%
"形态: 两连阴 (-0.49%, -0.20%)",1,-1.53,1.63,0.0%
"量能: 放量 (1.65X) | 形态: 两连阴 (-0.91%, -0.77%)",1,-1.53,1.02,0.0%
趋势: 多头排列 (5>20>60) | 形态: 10日内有涨停 | 趋势: 高于MA20 | 动量: 突破转强 (阳线上穿5/10),111,-1.5330630630630633,10.566126126126125,40.54%
"形态: 两连阴 (-0.77%, -1.16%)",1,-1.54,1.16,0.0%
"形态: 两连阴 (-1.49%, -1.26%) | 趋势: 高于MA20",1,-1.54,0.26,0.0%
"形态: 两连阴 (-1.46%, -1.33%)",1,-1.55,0.31,0.0%
"形态: 两连阴 (-1.70%, -1.04%)",1,-1.58,1.05,0.0%
量能: 放量 (1.76X) | 趋势: 高于MA20 | 动量: 突破转强 (阳线上穿5/10),1,-1.58,0.89,0.0%
"形态: 两连阴 (-0.55%, -1.65%)",1,-1.61,2.94,0.0%
"形态: 两连阴 (-2.00%, -2.99%)",1,-1.62,0.86,0.0%
"形态: 两连阴 (-0.31%, -0.95%)",1,-1.63,0.81,0.0%
"形态: 两连阴 (-1.59%, -0.25%)",1,-1.63,0.88,0.0%
"趋势: 多头排列 (5>20>60) | 形态: 两连阴 (-4.37%, -0.99%) | 趋势: 高于MA20",1,-1.63,5.5,0.0%
"形态: 两连阴 (-0.95%, -2.07%)",1,-1.63,0.81,0.0%
"形态: 两连阴 (-0.80%, -0.13%)",1,-1.64,1.09,0.0%
"趋势: 多头排列 (5>20>60) | 形态: 两连阴 (-1.84%, -0.70%) | 趋势: 高于MA20",1,-1.65,2.21,0.0%
"形态: 两连阴 (-2.45%, -4.21%)",1,-1.66,-1.59,0.0%
"形态: 两连阴 (-2.05%, -0.97%)",1,-1.67,0.56,0.0%
"形态: 两连阴 (-0.43%, -4.03%)",1,-1.69,-0.45,0.0%
"形态: 两连阴 (-0.90%, -1.81%)",1,-1.71,1.62,0.0%
"形态: 两连阴 (-1.12%, -2.73%)",1,-1.71,0.96,0.0%
"形态: 两连阴 (-2.68%, -0.69%)",1,-1.72,0.86,0.0%
"形态: 两连阴 (-1.05%, -2.11%)",1,-1.73,2.1,0.0%
趋势: 多头排列 (5>20>60) | 形态: 10日内有涨停 | 趋势: 高于MA20,109,-1.7687155963302752,7.647064220183486,40.37%
"形态: 两连阴 (-0.13%, -1.61%)",1,-1.77,0.95,0.0%
"趋势: 多头排列 (5>20>60) | 形态: 两连阴 (-2.38%, -2.03%) | 趋势: 高于MA20",1,-1.77,2.39,0.0%
"形态: 两连阴 (-1.22%, -1.30%)",1,-1.77,0.8,0.0%
"形态: 两连阴 (-4.95%, -2.93%)",1,-1.77,2.98,0.0%
"形态: 两连阴 (-1.72%, -1.75%)",1,-1.78,1.27,0.0%
"形态: 两连阴 (-1.72%, -1.32%)",1,-1.79,0.89,0.0%
"形态: 两连阴 (-0.56%, -2.92%)",1,-1.79,1.56,0.0%
形态: 10日内有涨停 | 趋势: 高于MA20,48,-1.8014583333333334,4.948125,33.33%
"形态: 10日内有涨停 | 形态: 两连阴 (-8.96%, -4.88%)",1,-1.81,-1.58,0.0%
"量能: 放量 (1.77X) | 形态: 两连阴 (-4.85%, -0.83%)",1,-1.81,2.33,0.0%
"趋势: 多头排列 (5>20>60) | 形态: 两连阴 (-1.06%, -0.61%) | 趋势: 高于MA20",1,-1.83,0.46,0.0%
"形态: 两连阴 (-4.01%, -0.46%)",1,-1.84,1.96,0.0%
"形态: 两连阴 (-0.16%, -2.52%)",1,-1.84,1.09,0.0%
"形态: 两连阴 (-0.33%, -0.65%)",1,-1.84,1.17,0.0%
"形态: 两连阴 (-3.44%, -0.18%)",1,-1.85,2.21,0.0%
"形态: 两连阴 (-3.16%, -5.18%)",1,-1.85,1.78,0.0%
"趋势: 多头排列 (5>20>60) | 形态: 两连阴 (-3.52%, -1.39%) | 趋势: 高于MA20",1,-1.87,0.8,0.0%
"趋势: 多头排列 (5>20>60) | 形态: 10日内有涨停 | 形态: 两连阴 (-0.80%, -16.72%)",1,-1.9,4.28,0.0%
"趋势: 多头排列 (5>20>60) | 形态: 两连阴 (-2.00%, -1.10%) | 趋势: 高于MA20",1,-1.91,0.8,0.0%
"形态: 两连阴 (-2.52%, -3.48%)",1,-1.93,1.01,0.0%
"形态: 10日内有涨停 | 形态: 两连阴 (-4.54%, -1.37%) | 趋势: 高于MA20 | 动量: 突破转强 (阳线上穿5/10)",1,-1.93,4.48,0.0%
"形态: 两连阴 (-1.11%, -1.60%)",1,-1.94,2.75,0.0%
"形态: 两连阴 (-2.99%, -2.72%)",1,-1.96,1.47,0.0%
"形态: 两连阴 (-1.35%, -0.84%)",1,-2.02,0.62,0.0%
"趋势: 多头排列 (5>20>60) | 形态: 两连阴 (-0.40%, -0.40%)",1,-2.04,0.81,0.0%
"形态: 两连阴 (-4.70%, -0.71%)",1,-2.04,0.53,0.0%
"形态: 两连阴 (-1.19%, -0.34%) | 趋势: 高于MA20 | 动量: 突破转强 (阳线上穿5/10)",1,-2.06,0.76,0.0%
量能: 放量 (1.83X) | 趋势: 高于MA20,1,-2.07,0.21,0.0%
"形态: 两连阴 (-2.62%, -0.67%)",1,-2.07,0.28,0.0%
"形态: 两连阴 (-3.48%, -0.94%)",1,-2.07,0.16,0.0%
"形态: 两连阴 (-3.00%, -0.23%)",1,-2.07,2.18,0.0%
"形态: 两连阴 (-3.43%, -2.40%)",1,-2.08,1.29,0.0%
"形态: 两连阴 (-0.68%, -1.82%)",1,-2.1,0.23,0.0%
趋势: 多头排列 (5>20>60) | 量能: 放量 (1.65X) | 趋势: 高于MA20 | 动量: 突破转强 (阳线上穿5/10),1,-2.1,-2.1,0.0%
"形态: 两连阴 (-1.11%, -1.87%)",1,-2.12,1.16,0.0%
趋势: 多头排列 (5>20>60) | 量能: 放量 (1.73X) | 趋势: 高于MA20 | 动量: 突破转强 (阳线上穿5/10),2,-2.12,6.975,0.0%
"形态: 两连阴 (-0.24%, -1.59%)",1,-2.12,0.37,0.0%
"形态: 两连阴 (-3.16%, -2.67%)",1,-2.13,0.3,0.0%
"趋势: 多头排列 (5>20>60) | 量能: 放量 (1.62X) | 形态: 两连阴 (-3.40%, -0.68%) | 趋势: 高于MA20 | 动量: 突破转强 (阳线上穿5/10)",1,-2.13,4.62,0.0%
量能: 放量 (1.58X) | 趋势: 高于MA20 | 动量: 突破转强 (阳线上穿5/10),1,-2.15,7.38,0.0%
"形态: 两连阴 (-0.63%, -0.19%)",1,-2.18,0.71,0.0%
"形态: 两连阴 (-4.65%, -2.27%)",1,-2.19,2.45,0.0%
"趋势: 多头排列 (5>20>60) | 形态: 两连阴 (-1.61%, -0.55%) | 趋势: 高于MA20",1,-2.19,3.57,0.0%
"形态: 两连阴 (-4.15%, -2.33%)",1,-2.2,1.52,0.0%
"形态: 两连阴 (-0.51%, -0.59%) | 趋势: 高于MA20",1,-2.21,0.66,0.0%
"形态: 两连阴 (-1.79%, -1.83%)",1,-2.21,0.4,0.0%
"形态: 10日内有涨停 | 形态: 两连阴 (-0.31%, -4.32%) | 趋势: 高于MA20",1,-2.21,-0.11,0.0%
"形态: 两连阴 (-3.05%, -0.76%)",1,-2.23,1.23,0.0%
"形态: 两连阴 (-4.13%, -2.40%)",1,-2.24,0.48,0.0%
量能: 放量 (1.99X) | 形态: 10日内有涨停 | 趋势: 高于MA20,1,-2.24,1.6,0.0%
"形态: 两连阴 (-0.96%, -0.55%)",1,-2.24,0.98,0.0%
趋势: 多头排列 (5>20>60),43,-2.2418604651162792,1.9932558139534882,27.91%
"形态: 两连阴 (-2.88%, -2.68%)",1,-2.25,0.75,0.0%
"形态: 两连阴 (-2.92%, -3.24%)",1,-2.26,1.07,0.0%
"形态: 两连阴 (-2.37%, -0.12%)",1,-2.26,-0.75,0.0%
量能: 放量 (1.64X),1,-2.26,-1.05,0.0%
趋势: 高于MA20,264,-2.2632575757575757,5.31375,25.76%
"量能: 放量 (2.57X) | 形态: 两连阴 (-0.84%, -1.04%) | 趋势: 高于MA20 | 动量: 突破转强 (阳线上穿5/10)",1,-2.29,3.0,0.0%
"形态: 两连阴 (-1.87%, -0.08%)",1,-2.29,0.63,0.0%
"形态: 两连阴 (-6.37%, -3.61%)",1,-2.29,-1.43,0.0%
"趋势: 多头排列 (5>20>60) | 形态: 两连阴 (-0.40%, -1.34%)",1,-2.3,0.54,0.0%
"形态: 两连阴 (-2.35%, -0.63%)",1,-2.3,1.15,0.0%
"形态: 两连阴 (-0.21%, -1.03%)",1,-2.3,-0.42,0.0%
"趋势: 多头排列 (5>20>60) | 形态: 两连阴 (-0.82%, -0.21%)",1,-2.3,0.0,0.0%
"形态: 两连阴 (-1.19%, -0.48%)",1,-2.31,2.91,0.0%
"趋势: 多头排列 (5>20>60) | 形态: 两连阴 (-1.45%, -1.04%)",1,-2.33,-0.63,0.0%
"形态: 两连阴 (-0.51%, -1.53%)",1,-2.34,1.04,0.0%
"形态: 两连阴 (-1.27%, -1.43%)",1,-2.36,2.21,0.0%
"形态: 两连阴 (-2.40%, -0.07%)",1,-2.36,6.53,0.0%
"形态: 10日内有涨停 | 形态: 两连阴 (-0.18%, -3.89%)",1,-2.36,3.99,0.0%
"形态: 两连阴 (-0.55%, -2.30%)",1,-2.39,-1.03,0.0%
"形态: 两连阴 (-1.37%, -0.40%)",1,-2.4,0.4,0.0%
"形态: 两连阴 (-1.97%, -2.18%)",1,-2.41,0.86,0.0%
"形态: 两连阴 (-3.99%, -1.79%) | 趋势: 高于MA20",1,-2.43,2.91,0.0%
"趋势: 多头排列 (5>20>60) | 形态: 两连阴 (-4.15%, -2.45%) | 趋势: 高于MA20",1,-2.43,1.78,0.0%
"形态: 两连阴 (-0.19%, -1.39%)",1,-2.43,0.45,0.0%
"趋势: 多头排列 (5>20>60) | 形态: 两连阴 (-0.17%, -0.70%) | 趋势: 高于MA20 | 动量: 突破转强 (阳线上穿5/10)",1,-2.44,0.61,0.0%
"形态: 两连阴 (-1.42%, -0.76%) | 动量: 突破转强 (阳线上穿5/10)",1,-2.44,-0.81,0.0%
"形态: 两连阴 (-2.02%, -3.98%)",1,-2.44,1.56,0.0%
"趋势: 多头排列 (5>20>60) | 形态: 两连阴 (-0.80%, -0.27%)",1,-2.45,1.63,0.0%
"趋势: 多头排列 (5>20>60) | 形态: 两连阴 (-0.10%, -3.67%)",1,-2.46,1.5,0.0%
"形态: 两连阴 (-1.26%, -4.75%)",1,-2.47,0.09,0.0%
"形态: 两连阴 (-1.97%, -4.18%)",1,-2.47,3.88,0.0%
"形态: 两连阴 (-4.85%, -0.73%)",1,-2.48,0.99,0.0%
"量能: 放量 (1.74X) | 形态: 两连阴 (-0.53%, -0.89%) | 趋势: 高于MA20 | 动量: 突破转强 (阳线上穿5/10)",1,-2.48,-0.09,0.0%
"形态: 两连阴 (-0.15%, -1.83%)",1,-2.49,8.5,0.0%
"形态: 两连阴 (-3.60%, -6.94%)",1,-2.49,-1.76,0.0%
"形态: 两连阴 (-3.34%, -0.12%)",1,-2.5,-0.88,0.0%
"形态: 两连阴 (-1.40%, -1.07%)",1,-2.51,0.74,0.0%
"形态: 两连阴 (-2.16%, -0.57%)",1,-2.52,-0.08,0.0%
"趋势: 多头排列 (5>20>60) | 形态: 两连阴 (-5.91%, -1.83%) | 趋势: 高于MA20",1,-2.52,0.49,0.0%
"形态: 两连阴 (-0.97%, -2.48%)",1,-2.53,0.84,0.0%
"趋势: 多头排列 (5>20>60) | 形态: 两连阴 (-3.22%, -2.10%) | 趋势: 高于MA20",1,-2.53,-2.53,0.0%
"形态: 两连阴 (-2.51%, -0.78%)",1,-2.54,0.58,0.0%
"形态: 两连阴 (-0.10%, -1.62%)",1,-2.54,0.49,0.0%
"形态: 两连阴 (-0.80%, -0.68%)",1,-2.54,0.69,0.0%
"趋势: 多头排列 (5>20>60) | 形态: 两连阴 (-0.10%, -1.43%) | 趋势: 高于MA20",1,-2.56,0.31,0.0%
"形态: 两连阴 (-2.45%, -0.33%)",1,-2.56,0.17,0.0%
"形态: 两连阴 (-2.36%, -0.48%)",1,-2.57,0.07,0.0%
"形态: 两连阴 (-4.97%, -4.96%)",1,-2.59,2.13,0.0%
趋势: 多头排列 (5>20>60) | 量能: 放量 (1.52X) | 趋势: 高于MA20 | 动量: 突破转强 (阳线上穿5/10),1,-2.59,6.44,0.0%
"趋势: 多头排列 (5>20>60) | 形态: 两连阴 (-0.31%, -2.55%) | 趋势: 高于MA20 | 动量: 突破转强 (阳线上穿5/10)",1,-2.6,0.54,0.0%
量能: 放量 (1.97X) | 形态: 10日内有涨停 | 趋势: 高于MA20 | 动量: 突破转强 (阳线上穿5/10),1,-2.61,7.48,0.0%
"形态: 两连阴 (-0.44%, -1.48%)",1,-2.62,1.39,0.0%
"趋势: 多头排列 (5>20>60) | 形态: 两连阴 (-1.44%, -0.46%) | 趋势: 高于MA20",1,-2.62,1.5,0.0%
"形态: 两连阴 (-0.60%, -2.36%)",1,-2.63,0.0,0.0%
"形态: 两连阴 (-0.75%, -1.51%)",1,-2.63,1.32,0.0%
"量能: 放量 (1.64X) | 形态: 两连阴 (-0.43%, -0.14%) | 趋势: 高于MA20 | 动量: 突破转强 (阳线上穿5/10)",1,-2.65,2.17,0.0%
"形态: 两连阴 (-0.55%, -0.96%)",1,-2.65,0.56,0.0%
"形态: 两连阴 (-2.50%, -6.70%)",1,-2.65,7.32,0.0%
"趋势: 多头排列 (5>20>60) | 形态: 两连阴 (-1.31%, -1.02%) | 趋势: 高于MA20",1,-2.67,1.44,0.0%
"形态: 两连阴 (-5.01%, -4.80%)",1,-2.67,0.49,0.0%
"形态: 两连阴 (-0.86%, -1.74%)",1,-2.68,1.34,0.0%
"趋势: 多头排列 (5>20>60) | 形态: 两连阴 (-1.69%, -2.15%) | 趋势: 高于MA20",1,-2.69,2.96,0.0%
"形态: 两连阴 (-2.25%, -1.94%)",1,-2.7,0.54,0.0%
"形态: 两连阴 (-1.13%, -3.17%)",1,-2.71,-0.92,0.0%
"趋势: 多头排列 (5>20>60) | 形态: 两连阴 (-1.50%, -0.94%)",1,-2.71,-0.62,0.0%
"形态: 两连阴 (-4.59%, -1.32%)",1,-2.72,3.09,0.0%
"形态: 两连阴 (-3.02%, -1.92%)",1,-2.72,0.25,0.0%
"趋势: 多头排列 (5>20>60) | 形态: 10日内有涨停 | 形态: 两连阴 (-6.47%, -10.00%) | 趋势: 高于MA20",1,-2.73,-1.99,0.0%
"量能: 放量 (1.83X) | 形态: 两连阴 (-0.16%, -1.46%)",1,-2.74,1.85,0.0%
"形态: 两连阴 (-0.69%, -1.40%)",1,-2.75,0.35,0.0%
"形态: 两连阴 (-3.38%, -1.54%)",1,-2.76,1.5,0.0%
"形态: 两连阴 (-0.88%, -1.18%)",1,-2.76,3.88,0.0%
"形态: 两连阴 (-1.06%, -1.30%)",1,-2.77,-1.15,0.0%
"形态: 两连阴 (-2.50%, -0.37%) | 趋势: 高于MA20",1,-2.78,3.02,0.0%
"形态: 两连阴 (-2.34%, -0.40%)",1,-2.78,1.55,0.0%
"形态: 两连阴 (-1.10%, -2.35%)",1,-2.8,0.64,0.0%
"趋势: 多头排列 (5>20>60) | 形态: 两连阴 (-0.23%, -2.99%)",1,-2.8,0.61,0.0%
"形态: 两连阴 (-5.95%, -0.79%)",1,-2.82,1.5,0.0%
"形态: 两连阴 (-2.74%, -1.10%)",1,-2.83,-0.16,0.0%
"形态: 两连阴 (-2.83%, -3.48%)",1,-2.84,2.25,0.0%
"形态: 两连阴 (-0.60%, -1.61%)",1,-2.85,0.0,0.0%
"趋势: 多头排列 (5>20>60) | 形态: 两连阴 (-2.79%, -3.51%) | 趋势: 高于MA20",1,-2.85,0.36,0.0%
"形态: 两连阴 (-0.59%, -0.22%) | 趋势: 高于MA20",1,-2.86,-0.37,0.0%
"趋势: 多头排列 (5>20>60) | 形态: 两连阴 (-0.81%, -0.41%) | 趋势: 高于MA20",1,-2.86,-1.36,0.0%
"形态: 两连阴 (-0.68%, -1.46%)",1,-2.87,1.19,0.0%
"形态: 10日内有涨停 | 形态: 两连阴 (-5.82%, -3.49%) | 趋势: 高于MA20",1,-2.88,4.96,0.0%
"形态: 两连阴 (-3.24%, -1.01%)",1,-2.89,0.51,0.0%
"形态: 两连阴 (-1.28%, -0.40%)",1,-2.89,7.89,0.0%
"趋势: 多头排列 (5>20>60) | 形态: 10日内有涨停 | 形态: 两连阴 (-1.17%, -0.16%) | 趋势: 高于MA20 | 动量: 突破转强 (阳线上穿5/10)",1,-2.9,2.9,0.0%
"形态: 两连阴 (-0.71%, -1.19%)",1,-2.9,2.29,0.0%
"趋势: 多头排列 (5>20>60) | 形态: 两连阴 (-0.39%, -0.67%)",1,-2.9,0.46,0.0%
"形态: 两连阴 (-1.33%, -0.84%)",1,-2.93,2.07,0.0%
"形态: 两连阴 (-0.15%, -1.20%)",1,-2.93,0.46,0.0%
"形态: 两连阴 (-1.97%, -0.14%) | 趋势: 高于MA20",1,-2.94,2.5,0.0%
"形态: 两连阴 (-2.71%, -1.00%)",1,-2.94,0.71,0.0%
趋势: 多头排列 (5>20>60) | 量能: 放量 (1.52X) | 趋势: 高于MA20,2,-2.9400000000000004,15.795,50.0%
量能: 放量 (1.68X) | 趋势: 高于MA20,1,-2.95,-0.44,0.0%
"形态: 两连阴 (-1.15%, -2.04%) | 趋势: 高于MA20",1,-2.96,0.54,0.0%
"形态: 两连阴 (-1.94%, -0.42%)",1,-2.97,7.86,0.0%
量能: 放量 (1.91X) | 趋势: 高于MA20 | 动量: 突破转强 (阳线上穿5/10),4,-2.9725,0.10750000000000004,0.0%
"形态: 两连阴 (-0.86%, -0.14%)",1,-2.99,1.19,0.0%
"趋势: 多头排列 (5>20>60) | 形态: 10日内有涨停 | 形态: 两连阴 (-3.34%, -2.07%) | 趋势: 高于MA20",1,-3.0,-0.13,0.0%
"形态: 两连阴 (-0.26%, -2.86%)",1,-3.0,1.36,0.0%
"形态: 两连阴 (-6.27%, -4.57%)",1,-3.01,-3.01,0.0%
"趋势: 多头排列 (5>20>60) | 形态: 两连阴 (-1.69%, -1.18%) | 趋势: 高于MA20 | 动量: 突破转强 (阳线上穿5/10)",1,-3.02,10.83,0.0%
"形态: 两连阴 (-0.75%, -1.92%)",1,-3.02,0.14,0.0%
"趋势: 多头排列 (5>20>60) | 形态: 10日内有涨停 | 形态: 两连阴 (-1.58%, -3.58%)",1,-3.04,4.09,0.0%
"量能: 放量 (1.89X) | 形态: 两连阴 (-0.55%, -2.21%) | 趋势: 高于MA20 | 动量: 突破转强 (阳线上穿5/10)",1,-3.05,-1.08,0.0%
"形态: 两连阴 (-6.70%, -0.53%)",1,-3.07,6.87,0.0%
"形态: 两连阴 (-1.18%, -0.89%)",1,-3.07,2.3,0.0%
"形态: 两连阴 (-0.16%, -1.97%)",1,-3.08,0.17,0.0%
"形态: 两连阴 (-2.78%, -1.58%)",1,-3.09,2.89,0.0%
"形态: 两连阴 (-0.53%, -2.29%)",1,-3.1,2.74,0.0%
"趋势: 多头排列 (5>20>60) | 形态: 两连阴 (-3.79%, -3.02%)",1,-3.1,0.94,0.0%
"形态: 两连阴 (-0.35%, -1.25%)",1,-3.11,1.1,0.0%
"趋势: 多头排列 (5>20>60) | 形态: 两连阴 (-0.74%, -3.36%) | 趋势: 高于MA20",1,-3.13,-0.05,0.0%
"形态: 两连阴 (-5.07%, -5.04%)",1,-3.13,5.0,0.0%
"形态: 两连阴 (-1.76%, -0.33%)",1,-3.13,-0.16,0.0%
"趋势: 多头排列 (5>20>60) | 形态: 10日内有涨停 | 形态: 两连阴 (-6.00%, -1.33%) | 趋势: 高于MA20",1,-3.14,5.26,0.0%
"形态: 两连阴 (-1.14%, -0.86%)",1,-3.15,0.57,0.0%
"形态: 两连阴 (-1.97%, -2.11%)",1,-3.15,3.78,0.0%
"趋势: 多头排列 (5>20>60) | 形态: 两连阴 (-0.35%, -7.06%)",1,-3.16,1.86,0.0%
"形态: 两连阴 (-0.83%, -0.10%) | 趋势: 高于MA20 | 动量: 突破转强 (阳线上穿5/10)",1,-3.16,2.96,0.0%
"趋势: 多头排列 (5>20>60) | 形态: 10日内有涨停 | 形态: 两连阴 (-4.46%, -0.47%) | 趋势: 高于MA20",1,-3.17,3.17,0.0%
"形态: 两连阴 (-3.85%, -3.20%) | 趋势: 高于MA20",1,-3.17,2.58,0.0%
"趋势: 多头排列 (5>20>60) | 形态: 两连阴 (-2.75%, -2.83%)",1,-3.18,1.71,0.0%
"形态: 两连阴 (-0.12%, -0.55%) | 趋势: 高于MA20",1,-3.19,2.09,0.0%
"量能: 放量 (1.67X) | 形态: 10日内有涨停 | 形态: 两连阴 (-3.86%, -2.73%) | 趋势: 高于MA20 | 动量: 突破转强 (阳线上穿5/10)",1,-3.19,2.05,0.0%
"形态: 两连阴 (-0.76%, -0.10%)",1,-3.2,-0.19,0.0%
"形态: 两连阴 (-0.53%, -0.80%)",1,-3.2,0.0,0.0%
"趋势: 多头排列 (5>20>60) | 形态: 10日内有涨停 | 形态: 两连阴 (-5.09%, -1.21%) | 趋势: 高于MA20",1,-3.2,1.07,0.0%
"形态: 两连阴 (-2.07%, -1.41%)",1,-3.21,0.36,0.0%
"形态: 两连阴 (-4.00%, -1.52%)",1,-3.22,0.95,0.0%
"形态: 两连阴 (-3.57%, -2.63%)",1,-3.23,0.62,0.0%
"形态: 两连阴 (-0.20%, -2.87%)",1,-3.23,0.94,0.0%
"形态: 两连阴 (-1.54%, -2.19%)",1,-3.25,0.81,0.0%
"形态: 两连阴 (-0.96%, -0.97%) | 趋势: 高于MA20",1,-3.25,1.3,0.0%
"形态: 两连阴 (-1.98%, -2.86%)",1,-3.26,0.51,0.0%
"形态: 两连阴 (-3.41%, -0.26%)",1,-3.28,3.37,0.0%
"形态: 两连阴 (-4.08%, -0.92%)",1,-3.31,3.31,0.0%
"形态: 两连阴 (-0.58%, -0.39%)",1,-3.31,0.19,0.0%
"形态: 两连阴 (-2.40%, -0.79%)",1,-3.33,-0.39,0.0%
"趋势: 多头排列 (5>20>60) | 形态: 两连阴 (-4.99%, -2.33%)",1,-3.34,-0.82,0.0%
"量能: 放量 (3.93X) | 形态: 两连阴 (-5.06%, -4.97%)",1,-3.35,1.18,0.0%
"趋势: 多头排列 (5>20>60) | 形态: 两连阴 (-3.69%, -4.88%) | 趋势: 高于MA20",1,-3.36,1.3,0.0%
"形态: 两连阴 (-0.06%, -1.24%)",1,-3.36,0.36,0.0%
"形态: 两连阴 (-1.75%, -3.79%)",1,-3.36,1.2,0.0%
"形态: 两连阴 (-4.36%, -4.17%)",1,-3.36,0.33,0.0%
"形态: 两连阴 (-1.20%, -1.67%)",1,-3.38,0.0,0.0%
"形态: 两连阴 (-1.69%, -2.12%)",1,-3.38,0.81,0.0%
"形态: 两连阴 (-0.16%, -3.24%)",1,-3.38,0.0,0.0%
"形态: 两连阴 (-1.51%, -3.06%)",1,-3.39,0.52,0.0%
"形态: 两连阴 (-10.02%, -2.44%)",1,-3.39,7.19,0.0%
"形态: 两连阴 (-2.86%, -1.47%)",1,-3.41,0.35,0.0%
趋势: 多头排列 (5>20>60) | 量能: 放量 (1.55X) | 趋势: 高于MA20 | 动量: 突破转强 (阳线上穿5/10),1,-3.42,14.07,0.0%
"形态: 两连阴 (-3.42%, -5.52%)",1,-3.43,-1.68,0.0%
趋势: 多头排列 (5>20>60) | 量能: 放量 (1.68X) | 趋势: 高于MA20 | 动量: 突破转强 (阳线上穿5/10),1,-3.44,1.07,0.0%
"形态: 两连阴 (-0.81%, -0.55%)",1,-3.44,1.02,0.0%
"形态: 10日内有涨停 | 形态: 两连阴 (-3.89%, -2.49%)",1,-3.45,2.84,0.0%
"形态: 两连阴 (-2.29%, -1.08%)",1,-3.45,2.36,0.0%
"形态: 两连阴 (-2.48%, -0.12%)",1,-3.45,0.62,0.0%
"形态: 两连阴 (-2.12%, -3.41%)",1,-3.45,3.19,0.0%
"形态: 两连阴 (-2.71%, -2.24%)",1,-3.46,0.35,0.0%
"形态: 两连阴 (-3.09%, -1.68%)",1,-3.47,0.87,0.0%
"形态: 两连阴 (-2.54%, -0.18%)",1,-3.47,0.96,0.0%
"量能: 放量 (1.71X) | 形态: 两连阴 (-0.72%, -0.88%)",1,-3.47,1.27,0.0%
"形态: 两连阴 (-2.89%, -2.55%)",1,-3.48,1.01,0.0%
"形态: 两连阴 (-1.53%, -1.00%)",1,-3.48,0.09,0.0%
"形态: 两连阴 (-2.46%, -1.03%)",1,-3.49,0.07,0.0%
"形态: 两连阴 (-2.11%, -1.44%)",1,-3.49,0.27,0.0%
"形态: 两连阴 (-0.39%, -0.39%)",1,-3.5,-0.19,0.0%
"形态: 两连阴 (-1.27%, -1.08%)",1,-3.51,0.88,0.0%
"量能: 放量 (1.52X) | 形态: 两连阴 (-2.50%, -0.51%)",1,-3.51,0.75,0.0%
"形态: 两连阴 (-3.78%, -0.71%) | 趋势: 高于MA20 | 动量: 突破转强 (阳线上穿5/10)",1,-3.51,1.05,0.0%
"形态: 两连阴 (-3.52%, -1.32%)",1,-3.53,0.83,0.0%
量能: 放量 (2.18X) | 趋势: 高于MA20 | 动量: 突破转强 (阳线上穿5/10),1,-3.54,2.16,0.0%
趋势: 多头排列 (5>20>60) | 量能: 放量 (1.69X) | 趋势: 高于MA20,1,-3.54,-0.15,0.0%
"趋势: 多头排列 (5>20>60) | 形态: 两连阴 (-0.60%, -1.34%) | 趋势: 高于MA20",1,-3.54,0.76,0.0%
"量能: 放量 (1.52X) | 形态: 两连阴 (-1.10%, -0.28%) | 趋势: 高于MA20 | 动量: 突破转强 (阳线上穿5/10)",1,-3.54,4.63,0.0%
"形态: 两连阴 (-0.77%, -5.71%)",1,-3.54,10.07,0.0%
"形态: 两连阴 (-1.19%, -1.86%)",1,-3.56,0.0,0.0%
"形态: 两连阴 (-4.34%, -1.81%)",1,-3.58,2.18,0.0%
"形态: 两连阴 (-1.00%, -0.84%)",1,-3.58,0.34,0.0%
"形态: 两连阴 (-3.41%, -1.87%)",1,-3.59,0.63,0.0%
"形态: 两连阴 (-4.19%, -1.14%)",1,-3.61,0.19,0.0%
"形态: 10日内有涨停 | 形态: 两连阴 (-0.11%, -1.67%)",1,-3.61,12.53,0.0%
量能: 放量 (1.54X) | 动量: 突破转强 (阳线上穿5/10),1,-3.62,7.25,0.0%
"形态: 10日内有涨停 | 形态: 两连阴 (-2.43%, -4.98%)",1,-3.63,0.0,0.0%
"形态: 两连阴 (-4.98%, -2.44%)",1,-3.63,-3.01,0.0%
"形态: 两连阴 (-2.66%, -0.63%)",1,-3.64,-1.4,0.0%
"形态: 两连阴 (-1.25%, -1.62%)",1,-3.64,0.55,0.0%
"形态: 两连阴 (-9.81%, -3.41%)",1,-3.65,-0.1,0.0%
"形态: 两连阴 (-0.99%, -2.20%)",1,-3.65,0.0,0.0%
"趋势: 多头排列 (5>20>60) | 形态: 10日内有涨停 | 形态: 两连阴 (-4.52%, -2.45%) | 趋势: 高于MA20 | 动量: 突破转强 (阳线上穿5/10)",1,-3.67,4.58,0.0%
"形态: 10日内有涨停 | 形态: 两连阴 (-1.52%, -0.28%) | 趋势: 高于MA20 | 动量: 突破转强 (阳线上穿5/10)",1,-3.69,5.78,0.0%
"形态: 两连阴 (-0.77%, -6.06%)",1,-3.71,1.72,0.0%
"形态: 两连阴 (-1.24%, -0.72%)",1,-3.71,-0.36,0.0%
"形态: 两连阴 (-0.24%, -3.34%)",1,-3.71,-1.24,0.0%
"形态: 两连阴 (-1.66%, -0.90%)",1,-3.71,-0.45,0.0%
"形态: 两连阴 (-0.31%, -0.46%)",1,-3.72,-1.27,0.0%
"形态: 两连阴 (-0.31%, -0.78%)",1,-3.74,-2.18,0.0%
"趋势: 多头排列 (5>20>60) | 形态: 10日内有涨停 | 形态: 两连阴 (-8.53%, -8.36%) | 趋势: 高于MA20",1,-3.76,1.94,0.0%
"形态: 两连阴 (-4.07%, -0.21%)",1,-3.77,-2.06,0.0%
"形态: 两连阴 (-0.17%, -0.51%)",1,-3.77,4.97,0.0%
"形态: 两连阴 (-2.70%, -1.39%)",1,-3.77,1.57,0.0%
"形态: 两连阴 (-2.86%, -1.87%)",1,-3.78,0.54,0.0%
"形态: 两连阴 (-2.44%, -1.46%)",1,-3.81,0.63,0.0%
"趋势: 多头排列 (5>20>60) | 形态: 两连阴 (-3.62%, -2.07%) | 趋势: 高于MA20",1,-3.82,0.93,0.0%
"形态: 两连阴 (-0.41%, -1.90%)",1,-3.83,-2.4,0.0%
"形态: 两连阴 (-0.91%, -1.15%)",1,-3.83,-0.86,0.0%
"形态: 两连阴 (-0.68%, -0.38%) | 趋势: 高于MA20",1,-3.83,1.38,0.0%
"形态: 10日内有涨停 | 形态: 两连阴 (-0.83%, -1.19%) | 趋势: 高于MA20 | 动量: 突破转强 (阳线上穿5/10)",1,-3.85,5.05,0.0%
"形态: 两连阴 (-0.97%, -0.08%) | 趋势: 高于MA20 | 动量: 突破转强 (阳线上穿5/10)",1,-3.87,-0.24,0.0%
"趋势: 多头排列 (5>20>60) | 形态: 10日内有涨停 | 形态: 两连阴 (-2.04%, -2.60%)",1,-3.87,1.35,0.0%
"形态: 两连阴 (-2.38%, -1.45%)",1,-3.88,2.31,0.0%
"趋势: 多头排列 (5>20>60) | 形态: 两连阴 (-1.02%, -2.75%)",1,-3.88,0.97,0.0%
"形态: 两连阴 (-0.20%, -2.78%)",1,-3.88,1.63,0.0%
"形态: 两连阴 (-0.12%, -4.06%)",1,-3.9,3.9,0.0%
"趋势: 多头排列 (5>20>60) | 形态: 两连阴 (-3.67%, -1.16%)",1,-3.9,-1.58,0.0%
"形态: 两连阴 (-1.57%, -1.29%)",1,-3.92,-0.1,0.0%
"形态: 两连阴 (-0.46%, -4.02%)",1,-3.97,1.82,0.0%
"形态: 两连阴 (-3.11%, -1.82%)",1,-3.98,0.06,0.0%
"形态: 两连阴 (-0.39%, -0.53%)",1,-3.98,1.19,0.0%
"形态: 两连阴 (-1.35%, -1.03%) | 趋势: 高于MA20",1,-3.98,-1.21,0.0%
"形态: 两连阴 (-0.41%, -1.43%)",1,-3.98,0.21,0.0%
"形态: 两连阴 (-0.50%, -1.35%) | 趋势: 高于MA20",1,-3.98,0.0,0.0%
"形态: 两连阴 (-1.11%, -1.50%)",1,-3.99,-1.55,0.0%
"形态: 两连阴 (-4.29%, -1.94%)",1,-3.99,1.09,0.0%
"形态: 两连阴 (-0.55%, -0.31%) | 趋势: 高于MA20",1,-4.01,1.22,0.0%
"趋势: 多头排列 (5>20>60) | 形态: 10日内有涨停 | 形态: 两连阴 (-0.43%, -0.47%) | 趋势: 高于MA20",1,-4.01,-2.14,0.0%
"趋势: 多头排列 (5>20>60) | 形态: 10日内有涨停 | 形态: 两连阴 (-10.00%, -3.42%) | 趋势: 高于MA20",1,-4.03,-2.38,0.0%
"形态: 两连阴 (-1.14%, -2.07%)",1,-4.05,0.48,0.0%
"形态: 两连阴 (-2.62%, -3.12%)",1,-4.05,6.97,0.0%
"形态: 两连阴 (-1.25%, -0.91%)",1,-4.05,0.19,0.0%
"形态: 两连阴 (-0.38%, -0.38%) | 趋势: 高于MA20",1,-4.05,1.15,0.0%
"形态: 两连阴 (-3.68%, -2.84%)",1,-4.05,0.9,0.0%
"形态: 两连阴 (-1.09%, -1.77%)",1,-4.05,-0.22,0.0%
"形态: 两连阴 (-3.74%, -0.72%)",1,-4.1,0.42,0.0%
"形态: 两连阴 (-0.95%, -0.70%) | 趋势: 高于MA20",1,-4.1,1.25,0.0%
"趋势: 多头排列 (5>20>60) | 形态: 两连阴 (-0.76%, -0.91%)",1,-4.11,-1.63,0.0%
"形态: 两连阴 (-5.28%, -1.54%)",1,-4.11,-0.98,0.0%
"形态: 两连阴 (-2.87%, -2.34%)",1,-4.13,-0.83,0.0%
"形态: 两连阴 (-0.51%, -0.51%)",3,-4.1433333333333335,3.276666666666667,0.0%
"形态: 两连阴 (-1.51%, -1.09%)",1,-4.16,-0.11,0.0%
"趋势: 多头排列 (5>20>60) | 形态: 两连阴 (-2.01%, -2.56%) | 趋势: 高于MA20",1,-4.17,1.17,0.0%
"形态: 两连阴 (-0.47%, -2.45%)",1,-4.17,-0.36,0.0%
"形态: 两连阴 (-8.50%, -5.96%)",1,-4.18,5.24,0.0%
"形态: 两连阴 (-1.43%, -1.45%)",1,-4.18,-0.21,0.0%
"形态: 两连阴 (-2.15%, -1.10%)",1,-4.19,0.25,0.0%
"形态: 两连阴 (-2.15%, -5.21%)",1,-4.19,-0.68,0.0%
"形态: 两连阴 (-0.73%, -0.44%) | 趋势: 高于MA20 | 动量: 突破转强 (阳线上穿5/10)",1,-4.21,-0.44,0.0%
"形态: 两连阴 (-0.48%, -0.96%) | 趋势: 高于MA20",1,-4.22,0.12,0.0%
"形态: 两连阴 (-0.65%, -0.39%)",1,-4.23,0.22,0.0%
量能: 放量 (1.63X) | 趋势: 高于MA20 | 动量: 突破转强 (阳线上穿5/10),1,-4.23,-0.8,0.0%
"形态: 两连阴 (-1.80%, -2.61%)",1,-4.28,-0.13,0.0%
"形态: 两连阴 (-0.30%, -0.91%)",1,-4.28,-0.47,0.0%
"形态: 两连阴 (-2.05%, -2.22%)",1,-4.29,0.88,0.0%
"形态: 两连阴 (-3.13%, -2.51%) | 趋势: 高于MA20",1,-4.3,-0.91,0.0%
"形态: 两连阴 (-1.10%, -0.42%)",1,-4.31,-0.56,0.0%
"形态: 两连阴 (-0.55%, -2.16%)",1,-4.31,-4.31,0.0%
"形态: 两连阴 (-1.83%, -0.66%)",1,-4.32,0.0,0.0%
量能: 放量 (2.12X),1,-4.33,3.78,0.0%
"形态: 两连阴 (-0.32%, -1.27%)",1,-4.35,0.0,0.0%
"形态: 两连阴 (-0.12%, -1.15%) | 趋势: 高于MA20",1,-4.35,-0.89,0.0%
"形态: 两连阴 (-3.06%, -0.79%)",1,-4.36,2.44,0.0%
形态: 10日内有涨停,24,-4.3654166666666665,6.704166666666667,20.83%
"形态: 两连阴 (-4.22%, -0.43%)",1,-4.37,0.11,0.0%
"形态: 两连阴 (-4.76%, -1.49%)",1,-4.38,-0.21,0.0%
"形态: 两连阴 (-1.07%, -2.83%)",1,-4.38,0.42,0.0%
"形态: 两连阴 (-3.03%, -1.67%)",1,-4.39,-0.84,0.0%
"形态: 两连阴 (-2.20%, -2.93%)",1,-4.39,1.1,0.0%
"形态: 两连阴 (-2.36%, -0.38%)",1,-4.4,0.91,0.0%
"形态: 两连阴 (-0.60%, -2.05%)",1,-4.41,0.76,0.0%
量能: 放量 (2.05X),1,-4.42,2.26,0.0%
"形态: 两连阴 (-1.97%, -2.34%) | 趋势: 高于MA20",1,-4.43,-0.85,0.0%
"形态: 两连阴 (-0.65%, -2.81%)",1,-4.43,2.37,0.0%
"形态: 两连阴 (-5.43%, -2.31%)",1,-4.44,-1.58,0.0%
"形态: 10日内有涨停 | 形态: 两连阴 (-3.21%, -6.00%)",1,-4.44,-2.94,0.0%
"形态: 两连阴 (-1.87%, -2.22%)",1,-4.44,0.49,0.0%
"形态: 两连阴 (-1.40%, -3.60%)",1,-4.45,-2.01,0.0%
"形态: 两连阴 (-4.26%, -2.14%)",1,-4.48,-0.36,0.0%
"形态: 两连阴 (-1.53%, -0.73%) | 趋势: 高于MA20",1,-4.53,-1.3,0.0%
"形态: 10日内有涨停 | 形态: 两连阴 (-1.02%, -0.55%) | 趋势: 高于MA20",1,-4.55,5.11,0.0%
"形态: 两连阴 (-1.85%, -1.37%)",1,-4.55,-0.87,0.0%
"趋势: 多头排列 (5>20>60) | 形态: 两连阴 (-0.83%, -0.42%) | 趋势: 高于MA20",1,-4.56,-1.24,0.0%
"形态: 两连阴 (-1.18%, -2.39%)",1,-4.6,1.9,0.0%
"形态: 两连阴 (-0.21%, -1.20%)",1,-4.6,-1.53,0.0%
"形态: 两连阴 (-0.07%, -0.15%) | 趋势: 高于MA20 | 动量: 突破转强 (阳线上穿5/10)",1,-4.61,8.42,0.0%
"形态: 两连阴 (-2.01%, -3.52%)",1,-4.62,-0.31,0.0%
趋势: 多头排列 (5>20>60) | 量能: 放量 (1.96X) | 形态: 10日内有涨停 | 趋势: 高于MA20 | 动量: 突破转强 (阳线上穿5/10),1,-4.64,6.47,0.0%
"趋势: 多头排列 (5>20>60) | 形态: 10日内有涨停 | 形态: 两连阴 (-1.92%, -2.00%)",1,-4.65,-2.25,0.0%
"形态: 两连阴 (-0.42%, -4.13%)",1,-4.66,5.98,0.0%
"形态: 两连阴 (-4.39%, -2.84%)",1,-4.66,0.57,0.0%
"形态: 两连阴 (-1.69%, -1.72%)",1,-4.68,-1.04,0.0%
"量能: 放量 (1.70X) | 形态: 两连阴 (-0.49%, -1.31%)",1,-4.71,3.03,0.0%
"趋势: 多头排列 (5>20>60) | 形态: 两连阴 (-5.11%, -0.70%) | 趋势: 高于MA20",1,-4.72,-1.55,0.0%
量能: 放量 (1.79X),1,-4.72,6.44,0.0%
"趋势: 多头排列 (5>20>60) | 形态: 10日内有涨停 | 形态: 两连阴 (-0.93%, -1.45%) | 趋势: 高于MA20",1,-4.72,-2.45,0.0%
"形态: 两连阴 (-3.53%, -0.07%)",1,-4.73,1.35,0.0%
"趋势: 多头排列 (5>20>60) | 形态: 10日内有涨停 | 形态: 两连阴 (-1.30%, -5.09%) | 趋势: 高于MA20",1,-4.73,-0.53,0.0%
"形态: 两连阴 (-0.89%, -1.88%)",1,-4.74,0.53,0.0%
"形态: 两连阴 (-4.48%, -3.06%)",1,-4.75,-0.33,0.0%
"形态: 两连阴 (-2.73%, -0.19%)",1,-4.75,-1.3,0.0%
"形态: 两连阴 (-6.84%, -4.34%)",1,-4.78,-4.78,0.0%
"形态: 两连阴 (-3.18%, -1.85%)",1,-4.79,0.21,0.0%
动量: 突破转强 (阳线上穿5/10),48,-4.791666666666667,4.389375,12.5%
"形态: 两连阴 (-1.93%, -0.28%)",1,-4.8,0.0,0.0%
"量能: 放量 (1.74X) | 形态: 两连阴 (-4.32%, -4.96%) | 动量: 突破转强 (阳线上穿5/10)",1,-4.8,-4.17,0.0%
"形态: 两连阴 (-0.58%, -1.46%)",1,-4.8,-3.0,0.0%
"形态: 两连阴 (-4.12%, -2.02%)",1,-4.81,-0.9,0.0%
"趋势: 多头排列 (5>20>60) | 形态: 两连阴 (-0.88%, -0.82%) | 趋势: 高于MA20",1,-4.83,-1.33,0.0%
"趋势: 多头排列 (5>20>60) | 形态: 两连阴 (-3.26%, -0.39%)",1,-4.85,-1.56,0.0%
"形态: 两连阴 (-2.03%, -2.51%)",1,-4.85,-1.81,0.0%
量能: 放量 (2.07X) | 动量: 突破转强 (阳线上穿5/10),1,-4.86,0.79,0.0%
"形态: 两连阴 (-2.44%, -2.60%)",1,-4.86,5.57,0.0%
量能: 放量 (1.97X),1,-4.87,0.54,0.0%
"形态: 两连阴 (-0.25%, -1.07%)",1,-4.88,0.17,0.0%
"趋势: 多头排列 (5>20>60) | 形态: 两连阴 (-2.43%, -1.56%) | 趋势: 高于MA20",1,-4.89,-1.34,0.0%
"形态: 两连阴 (-4.48%, -2.78%)",1,-4.89,0.0,0.0%
"形态: 10日内有涨停 | 形态: 两连阴 (-0.68%, -2.81%) | 趋势: 高于MA20 | 动量: 突破转强 (阳线上穿5/10)",1,-4.91,0.45,0.0%
"趋势: 多头排列 (5>20>60) | 形态: 两连阴 (-7.06%, -4.02%)",1,-4.92,-0.55,0.0%
"形态: 两连阴 (-0.74%, -0.75%) | 趋势: 高于MA20 | 动量: 突破转强 (阳线上穿5/10)",1,-4.93,0.49,0.0%
"形态: 两连阴 (-1.50%, -3.98%)",1,-4.93,-0.59,0.0%
"量能: 放量 (1.53X) | 形态: 两连阴 (-0.75%, -3.16%)",1,-4.94,-1.42,0.0%
"形态: 两连阴 (-1.77%, -1.89%)",1,-4.98,2.85,0.0%
"形态: 两连阴 (-1.21%, -2.30%) | 趋势: 高于MA20",1,-5.0,1.33,0.0%
"形态: 两连阴 (-1.17%, -2.97%)",1,-5.01,-0.86,0.0%
"形态: 两连阴 (-1.51%, -1.43%)",1,-5.01,0.92,0.0%
"形态: 两连阴 (-5.17%, -0.68%)",1,-5.02,0.23,0.0%
"形态: 两连阴 (-0.92%, -2.65%)",1,-5.02,-1.79,0.0%
"形态: 两连阴 (-2.66%, -1.75%)",1,-5.03,-1.68,0.0%
"形态: 两连阴 (-1.07%, -1.16%)",1,-5.04,-1.01,0.0%
"形态: 10日内有涨停 | 形态: 两连阴 (-1.37%, -1.02%) | 趋势: 高于MA20",1,-5.08,4.53,0.0%
"形态: 两连阴 (-5.95%, -0.14%)",1,-5.09,1.12,0.0%
"形态: 两连阴 (-0.70%, -1.40%)",1,-5.1,-1.94,0.0%
"形态: 两连阴 (-1.63%, -0.55%)",1,-5.1,1.44,0.0%
"形态: 两连阴 (-0.18%, -1.37%)",1,-5.1,-1.11,0.0%
"形态: 两连阴 (-10.01%, -2.62%)",1,-5.12,5.78,0.0%
"形态: 两连阴 (-3.44%, -6.78%)",1,-5.13,-1.87,0.0%
量能: 放量 (2.21X) | 趋势: 高于MA20 | 动量: 突破转强 (阳线上穿5/10),1,-5.14,-0.86,0.0%
"趋势: 多头排列 (5>20>60) | 形态: 10日内有涨停 | 形态: 两连阴 (-2.60%, -7.84%)",1,-5.15,-0.19,0.0%
"形态: 10日内有涨停 | 形态: 两连阴 (-2.97%, -0.87%)",1,-5.15,9.38,0.0%
"形态: 两连阴 (-0.80%, -1.53%) | 趋势: 高于MA20",1,-5.15,-0.64,0.0%
"形态: 10日内有涨停 | 形态: 两连阴 (-0.70%, -1.20%) | 趋势: 高于MA20 | 动量: 突破转强 (阳线上穿5/10)",1,-5.16,3.0,0.0%
"形态: 10日内有涨停 | 形态: 两连阴 (-0.68%, -0.60%) | 趋势: 高于MA20",1,-5.18,-0.35,0.0%
"趋势: 多头排列 (5>20>60) | 形态: 10日内有涨停 | 形态: 两连阴 (-3.58%, -6.80%)",1,-5.18,1.8,0.0%
"形态: 两连阴 (-3.36%, -1.62%)",1,-5.19,4.4,0.0%
"形态: 两连阴 (-0.14%, -1.93%)",1,-5.2,-0.42,0.0%
"量能: 放量 (2.08X) | 形态: 两连阴 (-2.58%, -0.82%) | 趋势: 高于MA20",1,-5.2,3.03,0.0%
量能: 放量 (1.51X) | 趋势: 高于MA20 | 动量: 突破转强 (阳线上穿5/10),2,-5.21,0.505,0.0%
"形态: 两连阴 (-4.02%, -2.74%)",1,-5.23,0.49,0.0%
"形态: 两连阴 (-3.93%, -3.83%)",1,-5.23,0.45,0.0%
"形态: 两连阴 (-2.71%, -4.29%)",1,-5.24,0.87,0.0%
"形态: 两连阴 (-1.89%, -1.58%)",1,-5.24,2.57,0.0%
"趋势: 多头排列 (5>20>60) | 形态: 两连阴 (-0.47%, -1.36%) | 趋势: 高于MA20",1,-5.25,-0.9,0.0%
"形态: 两连阴 (-4.06%, -1.16%)",1,-5.25,2.43,0.0%
"形态: 两连阴 (-0.70%, -1.75%) | 趋势: 高于MA20",1,-5.28,-0.35,0.0%
"形态: 两连阴 (-2.11%, -1.14%) | 趋势: 高于MA20",1,-5.28,1.54,0.0%
"趋势: 多头排列 (5>20>60) | 形态: 两连阴 (-0.14%, -2.01%) | 趋势: 高于MA20",1,-5.3,-1.43,0.0%
"形态: 两连阴 (-2.23%, -0.07%) | 趋势: 高于MA20",1,-5.34,-0.07,0.0%
"形态: 两连阴 (-2.06%, -0.51%)",1,-5.36,4.92,0.0%
"形态: 两连阴 (-0.52%, -5.95%)",1,-5.36,0.84,0.0%
"形态: 两连阴 (-0.33%, -1.85%)",1,-5.37,-0.87,0.0%
"形态: 两连阴 (-1.10%, -1.71%) | 趋势: 高于MA20",1,-5.37,-1.13,0.0%
"趋势: 多头排列 (5>20>60) | 形态: 10日内有涨停 | 形态: 两连阴 (-1.43%, -2.78%) | 趋势: 高于MA20 | 动量: 突破转强 (阳线上穿5/10)",1,-5.38,-1.71,0.0%
"趋势: 多头排列 (5>20>60) | 形态: 两连阴 (-1.28%, -2.17%) | 趋势: 高于MA20",1,-5.39,4.21,0.0%
"趋势: 多头排列 (5>20>60) | 形态: 10日内有涨停 | 形态: 两连阴 (-0.24%, -1.73%) | 趋势: 高于MA20 | 动量: 突破转强 (阳线上穿5/10)",1,-5.39,11.44,0.0%
"形态: 两连阴 (-1.02%, -0.78%)",1,-5.41,-1.62,0.0%
"形态: 两连阴 (-3.69%, -1.34%)",1,-5.45,-1.07,0.0%
"形态: 两连阴 (-1.86%, -1.72%)",1,-5.46,0.63,0.0%
量能: 放量 (1.82X) | 趋势: 高于MA20 | 动量: 突破转强 (阳线上穿5/10),2,-5.465,1.5,0.0%
"形态: 两连阴 (-2.31%, -2.37%)",1,-5.47,-3.28,0.0%
"形态: 10日内有涨停 | 形态: 两连阴 (-6.50%, -2.00%) | 趋势: 高于MA20",1,-5.49,0.86,0.0%
"形态: 两连阴 (-3.38%, -4.22%)",1,-5.51,-1.08,0.0%
"趋势: 多头排列 (5>20>60) | 形态: 两连阴 (-1.81%, -1.08%)",1,-5.53,7.65,0.0%
"形态: 两连阴 (-1.17%, -3.85%)",1,-5.56,7.26,0.0%
"形态: 两连阴 (-3.18%, -0.26%) | 趋势: 高于MA20",1,-5.58,0.4,0.0%
趋势: 多头排列 (5>20>60) | 形态: 10日内有涨停,10,-5.598999999999999,4.182,20.0%
"形态: 两连阴 (-2.13%, -2.02%)",1,-5.6,-1.48,0.0%
"趋势: 多头排列 (5>20>60) | 形态: 两连阴 (-2.58%, -0.47%) | 趋势: 高于MA20",1,-5.6,-0.37,0.0%
"形态: 两连阴 (-0.11%, -2.86%)",1,-5.63,-1.95,0.0%
"形态: 两连阴 (-0.98%, -2.11%) | 趋势: 高于MA20",1,-5.64,1.15,0.0%
"形态: 两连阴 (-0.54%, -0.31%)",1,-5.66,-2.02,0.0%
"趋势: 多头排列 (5>20>60) | 形态: 两连阴 (-0.86%, -0.58%)",1,-5.68,1.2,0.0%
"形态: 10日内有涨停 | 形态: 两连阴 (-4.43%, -4.48%) | 趋势: 高于MA20",1,-5.69,-5.69,0.0%
"形态: 两连阴 (-0.25%, -1.11%)",1,-5.7,-1.77,0.0%
"形态: 两连阴 (-3.62%, -1.53%)",1,-5.7,-0.7,0.0%
"形态: 两连阴 (-2.72%, -3.03%) | 趋势: 高于MA20",1,-5.72,0.95,0.0%
量能: 放量 (1.84X),1,-5.72,8.24,0.0%
"形态: 两连阴 (-4.59%, -0.65%)",1,-5.73,0.99,0.0%
"形态: 两连阴 (-0.42%, -4.39%)",1,-5.74,-0.56,0.0%
"形态: 两连阴 (-0.92%, -1.78%)",1,-5.78,0.44,0.0%
"形态: 两连阴 (-5.15%, -4.22%)",1,-5.78,10.0,0.0%
"趋势: 多头排列 (5>20>60) | 形态: 10日内有涨停 | 形态: 两连阴 (-2.67%, -2.68%) | 趋势: 高于MA20",1,-5.81,-0.75,0.0%
"形态: 两连阴 (-1.40%, -3.25%)",1,-5.81,0.86,0.0%
"形态: 两连阴 (-4.97%, -2.72%)",1,-5.82,0.82,0.0%
"形态: 两连阴 (-1.76%, -1.50%)",1,-5.82,-1.67,0.0%
"形态: 两连阴 (-0.77%, -1.87%)",1,-5.83,-0.97,0.0%
"趋势: 多头排列 (5>20>60) | 形态: 两连阴 (-0.57%, -0.29%)",1,-5.83,0.58,0.0%
"形态: 两连阴 (-0.21%, -1.86%) | 动量: 突破转强 (阳线上穿5/10)",1,-5.85,-0.72,0.0%
"形态: 两连阴 (-4.33%, -3.39%)",1,-5.85,1.18,0.0%
"形态: 两连阴 (-0.58%, -1.17%)",1,-5.86,6.93,0.0%
"形态: 10日内有涨停 | 形态: 两连阴 (-3.60%, -2.14%)",1,-5.9,-1.1,0.0%
"形态: 两连阴 (-4.13%, -1.77%)",1,-5.9,0.79,0.0%
"趋势: 多头排列 (5>20>60) | 形态: 两连阴 (-0.06%, -0.19%) | 趋势: 高于MA20",1,-5.94,1.63,0.0%
"形态: 两连阴 (-2.16%, -0.88%)",1,-6.01,-0.56,0.0%
"形态: 10日内有涨停 | 形态: 两连阴 (-10.00%, -9.99%)",1,-6.04,-2.48,0.0%
"趋势: 多头排列 (5>20>60) | 形态: 两连阴 (-4.61%, -0.60%) | 趋势: 高于MA20",1,-6.04,-1.85,0.0%
"形态: 两连阴 (-1.72%, -2.10%)",1,-6.05,-0.18,0.0%
"形态: 两连阴 (-4.18%, -1.05%)",1,-6.11,-1.7,0.0%
"趋势: 多头排列 (5>20>60) | 形态: 两连阴 (-0.37%, -2.67%)",1,-6.13,-0.38,0.0%
"形态: 两连阴 (-4.88%, -2.14%)",1,-6.14,-0.22,0.0%
"形态: 两连阴 (-5.57%, -1.71%)",1,-6.14,-1.1,0.0%
"形态: 两连阴 (-1.82%, -0.68%)",1,-6.14,1.82,0.0%
"形态: 两连阴 (-0.93%, -2.67%)",1,-6.17,0.15,0.0%
"趋势: 多头排列 (5>20>60) | 形态: 两连阴 (-0.39%, -0.06%) | 趋势: 高于MA20",1,-6.18,1.37,0.0%
量能: 放量 (2.56X),1,-6.23,4.88,0.0%
"趋势: 多头排列 (5>20>60) | 形态: 两连阴 (-5.36%, -1.96%)",1,-6.26,-0.18,0.0%
"形态: 两连阴 (-0.33%, -1.16%)",1,-6.28,2.48,0.0%
"形态: 两连阴 (-1.58%, -2.70%)",1,-6.29,1.47,0.0%
"形态: 两连阴 (-2.67%, -3.78%)",1,-6.31,0.0,0.0%
量能: 放量 (1.54X),2,-6.33,2.295,0.0%
"形态: 10日内有涨停 | 形态: 两连阴 (-1.93%, -0.68%) | 趋势: 高于MA20",1,-6.41,-1.3,0.0%
"趋势: 多头排列 (5>20>60) | 形态: 10日内有涨停 | 形态: 两连阴 (-0.76%, -3.58%)",1,-6.44,1.36,0.0%
"形态: 两连阴 (-2.53%, -1.30%) | 趋势: 高于MA20",1,-6.46,2.62,0.0%
"形态: 两连阴 (-1.77%, -3.71%)",1,-6.53,-2.57,0.0%
"趋势: 多头排列 (5>20>60) | 形态: 两连阴 (-2.41%, -0.90%) | 趋势: 高于MA20",1,-6.54,2.35,0.0%
"形态: 两连阴 (-5.44%, -0.62%)",1,-6.56,1.26,0.0%
"趋势: 多头排列 (5>20>60) | 形态: 两连阴 (-5.14%, -1.97%) | 趋势: 高于MA20",1,-6.57,0.31,0.0%
"形态: 两连阴 (-3.40%, -0.82%)",1,-6.57,0.84,0.0%
"形态: 两连阴 (-9.94%, -8.02%)",1,-6.57,1.28,0.0%
"形态: 两连阴 (-3.25%, -2.31%)",1,-6.61,-1.49,0.0%
"形态: 两连阴 (-0.93%, -3.92%)",1,-6.66,1.25,0.0%
"形态: 两连阴 (-1.78%, -0.20%)",1,-6.67,5.76,0.0%
量能: 放量 (2.03X) | 趋势: 高于MA20 | 动量: 突破转强 (阳线上穿5/10),1,-6.69,3.1,0.0%
"形态: 两连阴 (-7.44%, -5.95%)",1,-6.7,-2.55,0.0%
"形态: 两连阴 (-2.14%, -1.75%)",1,-6.71,-2.31,0.0%
量能: 放量 (1.67X) | 趋势: 高于MA20 | 动量: 突破转强 (阳线上穿5/10),2,-6.739999999999999,3.65,50.0%
"形态: 两连阴 (-2.05%, -3.07%)",1,-6.74,-0.61,0.0%
"趋势: 多头排列 (5>20>60) | 形态: 10日内有涨停 | 形态: 两连阴 (-1.29%, -0.95%) | 趋势: 高于MA20 | 动量: 突破转强 (阳线上穿5/10)",1,-6.75,-1.16,0.0%
"形态: 10日内有涨停 | 形态: 两连阴 (-0.14%, -0.82%) | 趋势: 高于MA20",1,-6.76,0.0,0.0%
"形态: 两连阴 (-0.35%, -5.44%)",1,-6.79,1.01,0.0%
量能: 放量 (1.75X),1,-6.82,1.16,0.0%
量能: 放量 (1.84X) | 趋势: 高于MA20 | 动量: 突破转强 (阳线上穿5/10),1,-6.82,2.64,0.0%
"形态: 两连阴 (-2.39%, -0.15%)",1,-6.83,-1.3,0.0%
"形态: 两连阴 (-3.42%, -6.95%)",1,-6.84,0.0,0.0%
"形态: 两连阴 (-3.41%, -0.67%) | 趋势: 高于MA20",1,-6.84,-1.67,0.0%
"形态: 两连阴 (-2.16%, -2.50%) | 动量: 突破转强 (阳线上穿5/10)",1,-6.84,-1.71,0.0%
"趋势: 多头排列 (5>20>60) | 形态: 两连阴 (-3.98%, -1.50%)",1,-6.85,-4.25,0.0%
"形态: 两连阴 (-1.96%, -1.16%)",1,-6.91,0.84,0.0%
量能: 放量 (1.83X),1,-6.92,2.63,0.0%
"形态: 两连阴 (-2.88%, -0.96%)",1,-6.93,7.31,0.0%
"形态: 10日内有涨停 | 形态: 两连阴 (-2.77%, -2.23%)",1,-6.94,0.64,0.0%
"趋势: 多头排列 (5>20>60) | 量能: 放量 (1.71X) | 形态: 两连阴 (-0.07%, -1.44%) | 趋势: 高于MA20 | 动量: 突破转强 (阳线上穿5/10)",1,-6.95,1.52,0.0%
趋势: 多头排列 (5>20>60) | 量能: 放量 (1.75X) | 趋势: 高于MA20 | 动量: 突破转强 (阳线上穿5/10),1,-7.0,-2.83,0.0%
"形态: 10日内有涨停 | 形态: 两连阴 (-0.68%, -0.14%) | 趋势: 高于MA20",1,-7.02,-0.28,0.0%
量能: 放量 (2.32X),1,-7.03,-2.77,0.0%
"形态: 两连阴 (-4.35%, -0.45%)",1,-7.04,1.23,0.0%
"形态: 两连阴 (-0.57%, -1.96%)",1,-7.07,0.67,0.0%
趋势: 多头排列 (5>20>60) | 量能: 放量 (2.35X) | 形态: 10日内有涨停 | 趋势: 高于MA20 | 动量: 突破转强 (阳线上穿5/10),1,-7.08,8.59,0.0%
量能: 放量 (1.54X) | 趋势: 高于MA20,1,-7.1,-0.6,0.0%
量能: 放量 (1.60X) | 趋势: 高于MA20 | 动量: 突破转强 (阳线上穿5/10),4,-7.1325,1.8924999999999998,0.0%
"形态: 两连阴 (-4.13%, -3.30%)",1,-7.16,-0.9,0.0%
"形态: 两连阴 (-1.31%, -2.73%) | 趋势: 高于MA20",1,-7.18,0.0,0.0%
量能: 放量 (1.81X),1,-7.21,-0.39,0.0%
"形态: 两连阴 (-0.34%, -2.54%) | 趋势: 高于MA20",1,-7.3,-1.06,0.0%
"趋势: 多头排列 (5>20>60) | 形态: 两连阴 (-0.90%, -1.00%) | 趋势: 高于MA20",1,-7.32,1.5,0.0%
"趋势: 多头排列 (5>20>60) | 形态: 两连阴 (-3.28%, -5.36%)",1,-7.36,-1.18,0.0%
"形态: 两连阴 (-10.01%, -3.74%)",1,-7.38,3.75,0.0%
"量能: 放量 (2.19X) | 形态: 两连阴 (-4.98%, -4.97%)",1,-7.39,-2.9,0.0%
"形态: 两连阴 (-0.67%, -0.92%)",1,-7.4,-1.29,0.0%
"形态: 两连阴 (-0.96%, -1.78%) | 趋势: 高于MA20",1,-7.4,0.08,0.0%
量能: 放量 (2.28X) | 趋势: 高于MA20 | 动量: 突破转强 (阳线上穿5/10),1,-7.44,-0.37,0.0%
"形态: 两连阴 (-0.19%, -2.51%)",1,-7.5,-1.78,0.0%
"量能: 放量 (1.60X) | 形态: 两连阴 (-1.31%, -1.16%) | 趋势: 高于MA20 | 动量: 突破转强 (阳线上穿5/10)",1,-7.52,-0.16,0.0%
"形态: 10日内有涨停 | 形态: 两连阴 (-2.23%, -1.52%)",1,-7.54,-3.45,0.0%
"形态: 两连阴 (-2.71%, -3.44%)",1,-7.55,-2.55,0.0%
量能: 放量 (1.66X) | 趋势: 高于MA20 | 动量: 突破转强 (阳线上穿5/10),3,-7.579999999999999,2.28,0.0%
趋势: 多头排列 (5>20>60) | 量能: 放量 (1.81X) | 形态: 10日内有涨停 | 趋势: 高于MA20 | 动量: 突破转强 (阳线上穿5/10),1,-7.6,5.58,0.0%
趋势: 多头排列 (5>20>60) | 量能: 放量 (1.76X),1,-7.6,3.09,0.0%
"趋势: 多头排列 (5>20>60) | 形态: 两连阴 (-2.08%, -1.31%) | 趋势: 高于MA20 | 动量: 突破转强 (阳线上穿5/10)",1,-7.67,-0.96,0.0%
"形态: 两连阴 (-4.04%, -1.97%)",1,-7.68,0.94,0.0%
"形态: 两连阴 (-0.58%, -2.46%) | 趋势: 高于MA20 | 动量: 突破转强 (阳线上穿5/10)",1,-7.69,11.03,0.0%
"趋势: 多头排列 (5>20>60) | 形态: 两连阴 (-3.58%, -2.19%)",1,-7.69,-2.61,0.0%
"形态: 两连阴 (-0.41%, -4.13%)",1,-7.72,-0.59,0.0%
"形态: 两连阴 (-1.95%, -1.02%)",1,-7.74,-2.47,0.0%
"形态: 10日内有涨停 | 形态: 两连阴 (-3.26%, -0.09%) | 趋势: 高于MA20",1,-7.75,1.29,0.0%
"形态: 两连阴 (-1.18%, -0.72%)",1,-7.77,-3.24,0.0%
"形态: 两连阴 (-0.68%, -0.81%)",1,-7.82,-1.54,0.0%
"形态: 两连阴 (-4.98%, -0.23%)",1,-7.85,-0.47,0.0%
"形态: 两连阴 (-3.95%, -0.23%)",1,-7.89,1.47,0.0%
"形态: 10日内有涨停 | 形态: 两连阴 (-6.18%, -2.14%)",1,-7.89,-0.49,0.0%
"趋势: 多头排列 (5>20>60) | 形态: 两连阴 (-0.48%, -2.53%) | 趋势: 高于MA20",1,-7.9,0.1,0.0%
"形态: 两连阴 (-2.19%, -0.66%)",1,-7.93,6.45,0.0%
量能: 放量 (1.76X) | 形态: 10日内有涨停 | 趋势: 高于MA20,1,-7.98,3.77,0.0%
"趋势: 多头排列 (5>20>60) | 形态: 两连阴 (-2.53%, -0.30%) | 趋势: 高于MA20",1,-7.99,-0.7,0.0%
量能: 放量 (1.92X) | 形态: 10日内有涨停 | 趋势: 高于MA20 | 动量: 突破转强 (阳线上穿5/10),1,-8.04,10.27,0.0%
"形态: 两连阴 (-1.24%, -3.58%)",1,-8.14,-0.72,0.0%
"趋势: 多头排列 (5>20>60) | 形态: 10日内有涨停 | 形态: 两连阴 (-9.09%, -2.37%) | 趋势: 高于MA20",1,-8.14,-3.79,0.0%
"形态: 两连阴 (-1.79%, -4.43%)",1,-8.18,4.73,0.0%
"形态: 两连阴 (-6.99%, -3.12%)",1,-8.23,-6.89,0.0%
"形态: 两连阴 (-0.33%, -2.61%)",1,-8.26,-2.27,0.0%
量能: 放量 (1.77X) | 趋势: 高于MA20 | 动量: 突破转强 (阳线上穿5/10),2,-8.32,1.435,0.0%
"形态: 两连阴 (-4.81%, -1.79%)",1,-8.34,2.35,0.0%
"形态: 两连阴 (-2.88%, -0.99%)",1,-8.37,-4.9,0.0%
量能: 放量 (3.21X) | 形态: 10日内有涨停 | 趋势: 高于MA20 | 动量: 突破转强 (阳线上穿5/10),1,-8.4,3.3,0.0%
"形态: 两连阴 (-3.81%, -1.98%)",1,-8.4,-0.69,0.0%
"趋势: 多头排列 (5>20>60) | 形态: 10日内有涨停 | 形态: 两连阴 (-1.42%, -2.96%) | 趋势: 高于MA20",1,-8.44,2.31,0.0%
"趋势: 多头排列 (5>20>60) | 形态: 两连阴 (-5.77%, -3.64%)",1,-8.45,1.18,0.0%
"形态: 两连阴 (-3.00%, -3.66%) | 趋势: 高于MA20",1,-8.55,-6.4,0.0%
"形态: 两连阴 (-5.44%, -2.39%) | 趋势: 高于MA20",1,-8.58,2.53,0.0%
"趋势: 多头排列 (5>20>60) | 形态: 10日内有涨停 | 形态: 两连阴 (-7.03%, -2.44%) | 趋势: 高于MA20",1,-8.6,-3.15,0.0%
"形态: 两连阴 (-1.06%, -1.25%)",1,-8.79,-4.76,0.0%
"形态: 两连阴 (-1.67%, -0.45%)",1,-8.82,-0.27,0.0%
"形态: 10日内有涨停 | 形态: 两连阴 (-1.21%, -2.74%) | 趋势: 高于MA20",1,-8.93,1.83,0.0%
"形态: 10日内有涨停 | 形态: 两连阴 (-1.39%, -3.26%) | 趋势: 高于MA20",1,-8.93,0.0,0.0%
量能: 放量 (1.53X) | 形态: 10日内有涨停 | 趋势: 高于MA20 | 动量: 突破转强 (阳线上穿5/10),2,-8.955,1.56,0.0%
"形态: 两连阴 (-0.30%, -0.80%) | 趋势: 高于MA20 | 动量: 突破转强 (阳线上穿5/10)",1,-8.98,2.69,0.0%
"形态: 两连阴 (-1.36%, -0.16%)",1,-9.0,-4.71,0.0%
"趋势: 多头排列 (5>20>60) | 形态: 10日内有涨停 | 形态: 两连阴 (-3.31%, -2.74%) | 趋势: 高于MA20",1,-9.0,-1.9,0.0%
"形态: 两连阴 (-5.68%, -2.95%)",1,-9.08,0.14,0.0%
"形态: 两连阴 (-2.70%, -2.51%)",1,-9.11,-0.92,0.0%
"形态: 两连阴 (-3.04%, -1.23%)",1,-9.16,-3.69,0.0%
"量能: 放量 (3.23X) | 形态: 两连阴 (-2.39%, -9.94%)",1,-9.19,-1.56,0.0%
"形态: 10日内有涨停 | 形态: 两连阴 (-21.82%, -10.00%)",1,-9.19,-3.35,0.0%
"形态: 10日内有涨停 | 形态: 两连阴 (-0.87%, -3.64%)",1,-9.2,4.71,0.0%
"形态: 两连阴 (-3.28%, -1.02%)",1,-9.22,-0.68,0.0%
"形态: 两连阴 (-0.44%, -0.39%) | 趋势: 高于MA20 | 动量: 突破转强 (阳线上穿5/10)",1,-9.32,2.22,0.0%
量能: 放量 (1.57X) | 趋势: 高于MA20 | 动量: 突破转强 (阳线上穿5/10),3,-9.44,2.46,0.0%
"趋势: 多头排列 (5>20>60) | 形态: 10日内有涨停 | 形态: 两连阴 (-2.00%, -3.15%) | 趋势: 高于MA20 | 动量: 突破转强 (阳线上穿5/10)",1,-9.47,1.29,0.0%
"形态: 两连阴 (-3.97%, -3.41%) | 趋势: 高于MA20",1,-9.49,8.71,0.0%
趋势: 多头排列 (5>20>60) | 量能: 放量 (1.97X) | 趋势: 高于MA20 | 动量: 突破转强 (阳线上穿5/10),1,-9.52,1.09,0.0%
"形态: 两连阴 (-0.29%, -0.29%)",1,-9.56,-0.59,0.0%
"形态: 两连阴 (-1.37%, -1.26%)",1,-9.57,-0.13,0.0%
"趋势: 多头排列 (5>20>60) | 形态: 10日内有涨停 | 形态: 两连阴 (-0.52%, -1.89%) | 趋势: 高于MA20 | 动量: 突破转强 (阳线上穿5/10)",1,-9.61,-2.84,0.0%
"趋势: 多头排列 (5>20>60) | 形态: 10日内有涨停 | 形态: 两连阴 (-1.95%, -3.51%) | 趋势: 高于MA20",1,-9.62,-5.79,0.0%
"形态: 两连阴 (-0.20%, -0.40%)",1,-9.69,2.35,0.0%
"形态: 10日内有涨停 | 形态: 两连阴 (-2.27%, -2.89%) | 趋势: 高于MA20 | 动量: 突破转强 (阳线上穿5/10)",1,-9.69,-2.96,0.0%
"形态: 两连阴 (-4.22%, -4.41%)",1,-9.76,-0.33,0.0%
"形态: 10日内有涨停 | 形态: 两连阴 (-2.34%, -10.01%)",1,-9.84,1.0,0.0%
"形态: 两连阴 (-0.56%, -9.93%)",1,-9.94,0.0,0.0%
"形态: 两连阴 (-9.93%, -1.55%)",1,-9.94,-0.32,0.0%
量能: 放量 (1.57X),1,-9.96,2.41,0.0%
"形态: 两连阴 (-4.72%, -0.63%)",1,-9.96,-1.65,0.0%
"形态: 两连阴 (-2.55%, -0.98%)",1,-9.97,-0.82,0.0%
"形态: 两连阴 (-0.19%, -0.09%) | 趋势: 高于MA20",1,-9.99,-0.19,0.0%
"形态: 两连阴 (-5.00%, -5.01%)",1,-9.99,-4.99,0.0%
"趋势: 多头排列 (5>20>60) | 形态: 10日内有涨停 | 形态: 两连阴 (-7.13%, -7.03%) | 趋势: 高于MA20",1,-10.01,-1.55,0.0%
趋势: 多头排列 (5>20>60) | 量能: 放量 (1.63X) | 形态: 10日内有涨停 | 趋势: 高于MA20 | 动量: 突破转强 (阳线上穿5/10),1,-10.21,22.88,0.0%
"形态: 10日内有涨停 | 形态: 两连阴 (-7.23%, -4.00%)",1,-10.38,-7.88,0.0%
量能: 放量 (1.93X) | 趋势: 高于MA20,1,-10.39,-1.03,0.0%
量能: 放量 (2.14X) | 趋势: 高于MA20 | 动量: 突破转强 (阳线上穿5/10),1,-10.4,-0.13,0.0%
"趋势: 多头排列 (5>20>60) | 形态: 两连阴 (-3.23%, -3.73%)",1,-10.41,0.95,0.0%
"形态: 两连阴 (-0.66%, -1.59%)",1,-10.46,3.53,0.0%
"趋势: 多头排列 (5>20>60) | 形态: 10日内有涨停 | 形态: 两连阴 (-2.96%, -2.00%) | 趋势: 高于MA20",1,-10.51,-0.43,0.0%
量能: 放量 (2.08X) | 动量: 突破转强 (阳线上穿5/10),1,-10.52,-5.46,0.0%
量能: 放量 (1.93X) | 形态: 10日内有涨停 | 趋势: 高于MA20,1,-10.55,10.01,0.0%
量能: 放量 (2.10X),1,-10.57,0.0,0.0%
"形态: 两连阴 (-2.52%, -8.59%)",1,-10.81,7.8,0.0%
量能: 放量 (2.27X),1,-10.85,-0.21,0.0%
"形态: 两连阴 (-1.34%, -3.81%)",1,-10.87,-2.69,0.0%
"形态: 两连阴 (-0.47%, -0.54%)",1,-10.91,5.21,0.0%
"形态: 两连阴 (-10.00%, -9.93%)",1,-11.02,-4.99,0.0%
量能: 放量 (1.85X),2,-11.21,-1.1,0.0%
趋势: 多头排列 (5>20>60) | 量能: 放量 (2.10X) | 趋势: 高于MA20 | 动量: 突破转强 (阳线上穿5/10),1,-11.29,4.77,0.0%
"形态: 两连阴 (-9.99%, -3.65%)",1,-11.52,-1.44,0.0%
趋势: 多头排列 (5>20>60) | 量能: 放量 (2.02X) | 形态: 10日内有涨停 | 趋势: 高于MA20,1,-11.58,6.65,0.0%
"量能: 放量 (1.53X) | 形态: 两连阴 (-0.29%, -0.52%)",1,-11.65,2.9,0.0%
"趋势: 多头排列 (5>20>60) | 形态: 10日内有涨停 | 形态: 两连阴 (-4.03%, -1.31%) | 趋势: 高于MA20",1,-11.74,2.28,0.0%
"形态: 10日内有涨停 | 形态: 两连阴 (-0.37%, -0.74%) | 趋势: 高于MA20",1,-11.86,2.75,0.0%
趋势: 多头排列 (5>20>60) | 量能: 放量 (1.59X),1,-12.02,-1.59,0.0%
"形态: 两连阴 (-0.52%, -2.39%) | 趋势: 高于MA20",1,-12.13,-5.68,0.0%
"趋势: 多头排列 (5>20>60) | 形态: 10日内有涨停 | 形态: 两连阴 (-3.26%, -4.01%) | 趋势: 高于MA20",1,-12.15,4.99,0.0%
"形态: 两连阴 (-0.54%, -1.29%)",1,-12.17,3.72,0.0%
"形态: 10日内有涨停 | 形态: 两连阴 (-2.40%, -0.37%) | 趋势: 高于MA20",1,-12.19,2.36,0.0%
"趋势: 多头排列 (5>20>60) | 形态: 10日内有涨停 | 形态: 两连阴 (-1.02%, -5.11%) | 趋势: 高于MA20 | 动量: 突破转强 (阳线上穿5/10)",1,-12.24,-2.41,0.0%
趋势: 多头排列 (5>20>60) | 量能: 放量 (1.80X) | 形态: 10日内有涨停 | 趋势: 高于MA20 | 动量: 突破转强 (阳线上穿5/10),1,-12.33,5.74,0.0%
趋势: 多头排列 (5>20>60) | 量能: 放量 (1.65X) | 形态: 10日内有涨停 | 趋势: 高于MA20 | 动量: 突破转强 (阳线上穿5/10),1,-12.36,3.24,0.0%
"形态: 两连阴 (-1.17%, -1.38%)",1,-12.4,1.2,0.0%
"形态: 两连阴 (-6.89%, -0.34%)",1,-12.48,3.34,0.0%
量能: 放量 (1.84X) | 形态: 10日内有涨停 | 趋势: 高于MA20 | 动量: 突破转强 (阳线上穿5/10),1,-12.55,3.69,0.0%
量能: 放量 (2.22X),1,-12.68,-0.09,0.0%
"趋势: 多头排列 (5>20>60) | 形态: 10日内有涨停 | 形态: 两连阴 (-3.61%, -9.09%) | 趋势: 高于MA20",1,-12.86,-5.15,0.0%
"趋势: 多头排列 (5>20>60) | 形态: 两连阴 (-0.87%, -1.11%) | 趋势: 高于MA20",1,-12.91,1.59,0.0%
"趋势: 多头排列 (5>20>60) | 形态: 10日内有涨停 | 形态: 两连阴 (-0.49%, -3.83%) | 趋势: 高于MA20 | 动量: 突破转强 (阳线上穿5/10)",1,-13.06,9.98,0.0%
"形态: 两连阴 (-5.01%, -0.75%)",1,-13.14,-1.19,0.0%
量能: 放量 (1.96X),1,-13.15,1.51,0.0%
"形态: 两连阴 (-1.38%, -0.40%)",1,-13.27,0.2,0.0%
"形态: 两连阴 (-0.60%, -4.28%)",1,-13.3,1.02,0.0%
"趋势: 多头排列 (5>20>60) | 形态: 两连阴 (-0.08%, -5.01%)",1,-13.5,-0.42,0.0%
"形态: 两连阴 (-0.59%, -0.60%)",1,-13.5,0.78,0.0%
量能: 放量 (1.59X) | 形态: 10日内有涨停 | 趋势: 高于MA20 | 动量: 突破转强 (阳线上穿5/10),1,-13.59,3.61,0.0%
"形态: 两连阴 (-5.29%, -0.65%) | 趋势: 高于MA20",1,-13.78,-9.78,0.0%
趋势: 多头排列 (5>20>60) | 量能: 放量 (1.55X) | 形态: 10日内有涨停 | 趋势: 高于MA20 | 动量: 突破转强 (阳线上穿5/10),2,-13.975,14.485,50.0%
"形态: 两连阴 (-1.11%, -6.89%)",1,-13.99,1.55,0.0%
量能: 放量 (1.52X) | 趋势: 高于MA20 | 动量: 突破转强 (阳线上穿5/10),1,-14.09,1.36,0.0%
量能: 放量 (1.66X) | 动量: 突破转强 (阳线上穿5/10),1,-14.2,3.44,0.0%
量能: 放量 (1.58X) | 形态: 10日内有涨停 | 趋势: 高于MA20 | 动量: 突破转强 (阳线上穿5/10),1,-14.21,2.22,0.0%
"量能: 放量 (4.87X) | 形态: 两连阴 (-5.02%, -5.00%)",1,-14.49,-5.01,0.0%
"趋势: 多头排列 (5>20>60) | 形态: 两连阴 (-1.64%, -2.38%) | 趋势: 高于MA20",1,-14.64,-9.1,0.0%
"趋势: 多头排列 (5>20>60) | 形态: 两连阴 (-1.59%, -2.43%) | 趋势: 高于MA20",1,-14.99,-5.67,0.0%
"形态: 两连阴 (-0.63%, -0.29%)",1,-15.14,-1.16,0.0%
"趋势: 多头排列 (5>20>60) | 形态: 两连阴 (-1.89%, -4.15%) | 趋势: 高于MA20",1,-15.27,2.29,0.0%
"形态: 两连阴 (-4.99%, -2.96%) | 趋势: 高于MA20",1,-15.53,-2.72,0.0%
"形态: 两连阴 (-3.95%, -4.12%)",1,-16.13,0.81,0.0%
趋势: 多头排列 (5>20>60) | 量能: 放量 (1.67X) | 趋势: 高于MA20 | 动量: 突破转强 (阳线上穿5/10),1,-16.22,-2.52,0.0%
"形态: 两连阴 (-1.69%, -0.74%)",1,-17.5,-0.33,0.0%
"形态: 两连阴 (-0.40%, -1.69%)",1,-18.45,-1.15,0.0%
"量能: 放量 (2.76X) | 形态: 两连阴 (-5.01%, -4.97%)",1,-18.54,-5.01,0.0%
"趋势: 多头排列 (5>20>60) | 形态: 两连阴 (-0.27%, -0.99%) | 趋势: 高于MA20 | 动量: 突破转强 (阳线上穿5/10)",1,-18.81,4.7,0.0%
量能: 放量 (2.34X) | 形态: 10日内有涨停 | 趋势: 高于MA20 | 动量: 突破转强 (阳线上穿5/10),1,-18.92,-2.23,0.0%
量能: 放量 (1.50X) | 形态: 10日内有涨停 | 趋势: 高于MA20 | 动量: 突破转强 (阳线上穿5/10),1,-19.5,-1.28,0.0%
量能: 放量 (1.73X) | 形态: 10日内有涨停 | 趋势: 高于MA20 | 动量: 突破转强 (阳线上穿5/10),1,-21.47,-9.98,0.0%
趋势: 多头排列 (5>20>60) | 量能: 放量 (1.61X) | 形态: 10日内有涨停 | 趋势: 高于MA20 | 动量: 突破转强 (阳线上穿5/10),1,-21.98,7.76,0.0%
趋势: 多头排列 (5>20>60) | 量能: 放量 (1.56X) | 形态: 10日内有涨停 | 趋势: 高于MA20,1,-22.4,-9.99,0.0%
"量能: 放量 (4.38X) | 形态: 两连阴 (-4.99%, -5.01%)",1,-22.63,-5.02,0.0%
量能: 放量 (1.69X) | 形态: 10日内有涨停 | 趋势: 高于MA20 | 动量: 突破转强 (阳线上穿5/10),1,-22.68,-1.12,0.0%
"形态: 两连阴 (-9.90%, -5.05%)",1,-24.39,-4.88,0.0%
"形态: 10日内有涨停 | 形态: 两连阴 (-2.69%, -2.41%)",1,-24.7,-10.01,0.0%
"形态: 两连阴 (-9.98%, -9.90%)",1,-28.24,-5.09,0.0%
"趋势: 多头排列 (5>20>60) | 形态: 10日内有涨停 | 形态: 两连阴 (-1.44%, -4.14%) | 趋势: 高于MA20 | 动量: 突破转强 (阳线上穿5/10)",1,-30.27,-9.98,0.0%
"形态: 两连阴 (-0.86%, -4.16%)",1,-30.33,7.35,0.0%
"形态: 两连阴 (-1.97%, -9.60%)",1,-31.34,-4.97,0.0%
"趋势: 多头排列 (5>20>60) | 形态: 两连阴 (-0.86%, -0.86%)",1,-32.09,4.64,0.0%
"形态: 10日内有涨停 | 形态: 两连阴 (-4.15%, -0.10%) | 动量: 突破转强 (阳线上穿5/10)",1,-32.63,-1.2,0.0%
"形态: 10日内有涨停 | 形态: 两连阴 (-2.24%, -5.03%)",1,-35.19,-4.97,0.0%
"形态: 10日内有涨停 | 形态: 两连阴 (-8.21%, -2.24%)",1,-38.44,-5.01,0.0%
