Code,Name,Latest_Date,Latest_Close,Daily_Change_Pct,Matched_Conditions,MA20,MA60,Volume_Ratio
605228,神通科技,2026-06-12,13.5,0.15%,趋势: 高于MA20 | 动量: 突破转强 (阳线上穿5/10),13.31,14.12,0.78X
601636,旗滨集团,2026-06-12,6.51,-1.81%,趋势: 多头排列 (5>20>60),6.72,6.33,0.82X
600966,博汇纸业,2026-06-12,5.39,3.06%,"形态: 两连阴 (-3.81%, -5.77%)",5.86,6.33,1.21X
002629,仁智股份,2026-06-12,4.96,1.43%,"形态: 10日内有涨停 | 形态: 两连阴 (-1.79%, -0.81%)",5.80,6.35,0.95X
002811,郑中设计,2026-06-12,12.4,2.31%,趋势: 高于MA20 | 动量: 突破转强 (阳线上穿5/10),12.15,13.09,1.18X
002406,远东传动,2026-06-12,7.19,-0.28%,"形态: 两连阴 (-3.47%, -4.12%)",8.13,7.80,0.76X
605337,李子园,2026-06-12,9.28,2.77%,"形态: 两连阴 (-0.76%, -1.63%)",9.74,10.48,1.32X
000712,锦龙股份,2026-06-12,8.73,2.83%,"形态: 两连阴 (-0.70%, -0.24%)",10.05,10.37,1.04X
600722,金牛化工,2026-06-12,10.33,-4.53%,量能: 放量 (1.53X) | 形态: 10日内有涨停,10.76,13.34,1.53X
002600,领益智造,2026-06-12,14.01,2.79%,"形态: 两连阴 (-6.46%, -1.94%)",15.26,14.38,1.20X
000060,中金岭南,2026-06-12,7.56,5.44%,趋势: 高于MA20 | 动量: 突破转强 (阳线上穿5/10),7.49,6.94,1.41X
600748,上实发展,2026-06-12,4.05,0.75%,"形态: 两连阴 (-1.67%, -2.19%)",4.60,5.01,1.03X
002688,金河生物,2026-06-12,5.0,2.46%,"形态: 两连阴 (-1.39%, -1.81%)",5.41,5.76,1.12X
600192,长城电工,2026-06-12,6.83,1.64%,"形态: 两连阴 (-3.00%, -1.18%)",7.59,8.26,0.88X
002038,双鹭药业,2026-06-12,5.37,1.13%,"形态: 两连阴 (-0.73%, -2.21%)",5.80,6.59,1.36X
002205,国统股份,2026-06-12,11.71,-0.09%,"形态: 两连阴 (-2.78%, -1.60%)",12.95,13.08,0.92X
000830,鲁西化工,2026-06-12,12.87,4.38%,量能: 放量 (1.66X) | 动量: 突破转强 (阳线上穿5/10),13.14,15.13,1.66X
603187,海容冷链,2026-06-12,12.38,2.06%,"形态: 两连阴 (-0.73%, -0.82%)",12.90,14.15,1.14X
002972,科安达,2026-06-12,13.22,1.15%,量能: 放量 (1.59X) | 趋势: 高于MA20 | 动量: 突破转强 (阳线上穿5/10),12.52,12.68,1.59X
002043,兔 宝 宝,2026-06-12,12.38,7.19%,"形态: 两连阴 (-1.88%, -3.67%) | 动量: 突破转强 (阳线上穿5/10)",12.85,14.12,1.33X
603677,奇精机械,2026-06-12,14.61,0.07%,"形态: 两连阴 (-4.58%, -2.73%)",16.67,16.09,0.66X
000739,普洛药业,2026-06-12,16.07,4.28%,动量: 突破转强 (阳线上穿5/10),16.43,17.36,1.21X
601798,蓝科高新,2026-06-12,7.32,0.14%,"形态: 10日内有涨停 | 形态: 两连阴 (-3.53%, -0.81%)",8.09,8.72,0.67X
000716,黑芝麻,2026-06-12,4.66,1.30%,"形态: 两连阴 (-3.68%, -2.34%)",5.38,5.26,0.74X
603903,中持股份,2026-06-12,11.6,-0.26%,"形态: 10日内有涨停 | 形态: 两连阴 (-2.26%, -0.43%)",12.20,12.01,0.98X
002863,今飞凯达,2026-06-12,4.82,1.90%,趋势: 多头排列 (5>20>60),5.84,5.62,0.30X
603766,隆鑫通用,2026-06-12,12.66,2.84%,"量能: 放量 (1.51X) | 形态: 两连阴 (-2.73%, -2.84%) | 动量: 突破转强 (阳线上穿5/10)",13.34,14.38,1.51X
000819,岳阳兴长,2026-06-12,13.6,2.33%,"形态: 两连阴 (-4.63%, -2.14%)",14.94,15.32,0.75X
002774,快意电梯,2026-06-12,10.88,0.93%,"形态: 两连阴 (-5.49%, -2.18%)",11.95,11.58,0.81X
002358,森源电气,2026-06-12,5.86,1.56%,"形态: 两连阴 (-2.81%, -1.87%)",6.46,7.17,0.95X
600711,盛屯矿业,2026-06-12,13.0,9.89%,量能: 放量 (2.48X) | 趋势: 高于MA20 | 动量: 突破转强 (阳线上穿5/10),12.23,13.10,2.48X
605018,长华集团,2026-06-12,15.65,-5.44%,趋势: 多头排列 (5>20>60) | 形态: 10日内有涨停 | 趋势: 高于MA20,15.00,12.95,1.32X
003018,金富科技,2026-06-12,58.5,1.26%,形态: 10日内有涨停 | 动量: 突破转强 (阳线上穿5/10),60.08,46.22,1.08X
603269,海鸥股份,2026-06-12,22.81,7.49%,"趋势: 多头排列 (5>20>60) | 形态: 两连阴 (-6.32%, -1.35%) | 趋势: 高于MA20 | 动量: 突破转强 (阳线上穿5/10)",21.91,17.63,1.48X
600499,科达制造,2026-06-12,15.66,5.10%,"形态: 两连阴 (-2.48%, -0.33%) | 动量: 突破转强 (阳线上穿5/10)",15.99,17.03,1.38X
002333,罗普斯金,2026-06-12,4.93,2.28%,"形态: 两连阴 (-0.81%, -2.03%)",5.09,5.41,0.99X
603819,神力股份,2026-06-12,11.62,0.52%,"形态: 10日内有涨停 | 形态: 两连阴 (-1.08%, -3.10%)",13.14,13.53,0.81X
603815,交建股份,2026-06-12,6.07,9.96%,"量能: 放量 (1.58X) | 形态: 10日内有涨停 | 形态: 两连阴 (-2.96%, -1.08%) | 动量: 突破转强 (阳线上穿5/10)",6.48,6.51,1.58X
002691,冀凯股份,2026-06-12,4.6,-0.65%,"形态: 两连阴 (-3.67%, -2.11%)",5.28,6.39,0.86X
000735,罗 牛 山,2026-06-12,5.24,3.56%,量能: 放量 (1.92X),5.55,6.34,1.92X
603272,联翔股份,2026-06-12,34.47,-4.99%,"形态: 两连阴 (-5.01%, -2.94%)",38.17,31.69,1.15X
002012,凯恩股份,2026-06-12,7.02,-1.13%,"形态: 两连阴 (-6.38%, -1.25%)",7.72,7.13,0.56X
000506,招金黄金,2026-06-12,13.73,10.02%,"形态: 10日内有涨停 | 形态: 两连阴 (-5.27%, -2.12%) | 动量: 突破转强 (阳线上穿5/10)",14.01,15.86,1.08X
002871,伟隆股份,2026-06-12,20.0,-4.76%,"形态: 10日内有涨停 | 形态: 两连阴 (-0.51%, -2.19%)",20.99,19.04,1.21X
000948,南天信息,2026-06-12,12.58,1.53%,"形态: 两连阴 (-1.38%, -3.35%)",13.49,14.64,1.01X
600399,抚顺特钢,2026-06-12,4.32,3.85%,"量能: 放量 (1.62X) | 形态: 两连阴 (-1.63%, -1.65%)",4.77,5.47,1.62X
603709,中源家居,2026-06-12,15.36,1.79%,"形态: 两连阴 (-0.39%, -1.18%)",16.62,17.35,1.07X
600530,交大昂立,2026-06-12,6.13,3.55%,"形态: 两连阴 (-3.04%, -2.15%)",6.81,5.98,1.15X
002131,利欧股份,2026-06-12,5.29,0.57%,"形态: 两连阴 (-3.24%, -2.05%)",6.05,6.98,1.06X
600475,华光环能,2026-06-12,14.63,3.25%,动量: 突破转强 (阳线上穿5/10),15.39,16.99,1.29X
600367,红星发展,2026-06-12,53.03,-1.85%,趋势: 多头排列 (5>20>60) | 形态: 10日内有涨停 | 趋势: 高于MA20,38.32,27.83,1.03X
002598,山东章鼓,2026-06-12,6.98,3.56%,"形态: 两连阴 (-3.76%, -2.60%)",7.44,8.19,0.53X
000715,中兴商业,2026-06-12,4.83,1.47%,"形态: 两连阴 (-1.61%, -2.66%)",5.15,5.62,0.82X
603885,吉祥航空,2026-06-12,11.35,6.27%,量能: 放量 (1.65X) | 趋势: 高于MA20 | 动量: 突破转强 (阳线上穿5/10),11.20,11.63,1.65X
002632,道明光学,2026-06-12,9.66,-0.31%,"形态: 两连阴 (-1.96%, -3.00%)",10.40,11.43,0.99X
605151,西上海,2026-06-12,19.17,-0.31%,"形态: 两连阴 (-1.10%, -2.63%)",21.47,20.39,1.01X
600596,新安股份,2026-06-12,14.36,0.42%,"趋势: 多头排列 (5>20>60) | 形态: 10日内有涨停 | 形态: 两连阴 (-0.07%, -4.22%) | 趋势: 高于MA20",13.31,12.32,1.00X
603803,瑞斯康达,2026-06-12,11.5,-0.86%,"形态: 两连阴 (-4.03%, -2.52%)",13.66,14.36,0.83X
002095,生 意 宝,2026-06-12,13.51,1.73%,"形态: 两连阴 (-3.25%, -2.64%) | 动量: 突破转强 (阳线上穿5/10)",14.03,15.75,0.26X
600888,新疆众和,2026-06-12,10.92,-1.97%,趋势: 多头排列 (5>20>60) | 趋势: 高于MA20,10.74,9.21,1.12X
600279,重庆港,2026-06-12,4.44,0.91%,"形态: 两连阴 (-9.98%, -2.44%)",4.98,5.01,0.85X
000886,海南高速,2026-06-12,4.37,2.58%,"形态: 两连阴 (-0.91%, -2.29%)",4.77,5.35,1.35X
603886,元祖股份,2026-06-12,12.52,-4.28%,形态: 10日内有涨停 | 趋势: 高于MA20,11.51,12.27,1.06X
002795,永和智控,2026-06-12,7.31,-3.18%,形态: 10日内有涨停,8.27,8.34,1.18X
600007,中国国贸,2026-06-12,19.78,-6.92%,趋势: 多头排列 (5>20>60) | 量能: 放量 (2.00X),21.38,21.21,2.00X
601872,招商轮船,2026-06-12,15.6,8.18%,"量能: 放量 (2.24X) | 形态: 两连阴 (-1.60%, -1.37%) | 趋势: 高于MA20 | 动量: 突破转强 (阳线上穿5/10)",15.13,17.11,2.24X
605069,正和生态,2026-06-12,10.9,-5.63%,量能: 放量 (2.00X) | 形态: 10日内有涨停,12.96,13.20,2.00X
600188,兖矿能源,2026-06-12,22.95,-0.65%,"趋势: 多头排列 (5>20>60) | 形态: 10日内有涨停 | 形态: 两连阴 (-4.90%, -1.66%) | 趋势: 高于MA20",22.85,21.16,0.95X
600497,驰宏锌锗,2026-06-12,9.28,9.95%,形态: 10日内有涨停 | 动量: 突破转强 (阳线上穿5/10),9.44,8.98,1.04X
605555,德昌股份,2026-06-12,15.53,1.17%,"形态: 10日内有涨停 | 形态: 两连阴 (-5.42%, -0.07%)",15.95,15.87,1.03X
600143,金发科技,2026-06-12,16.02,3.82%,量能: 放量 (1.75X) | 动量: 突破转强 (阳线上穿5/10),16.65,16.89,1.75X
002254,泰和新材,2026-06-12,18.06,-4.55%,量能: 放量 (1.84X) | 形态: 10日内有涨停 | 趋势: 高于MA20,14.26,12.17,1.84X
600855,航天长峰,2026-06-12,14.9,4.56%,"量能: 放量 (1.56X) | 形态: 两连阴 (-2.11%, -1.04%)",16.49,17.79,1.56X
601969,海南矿业,2026-06-12,9.37,3.08%,动量: 突破转强 (阳线上穿5/10),9.81,10.95,1.29X
603042,华脉科技,2026-06-12,18.08,-2.59%,"形态: 两连阴 (-0.64%, -1.95%)",19.94,20.72,1.45X
000967,盈峰环境,2026-06-12,9.85,0.10%,"形态: 两连阴 (-1.27%, -2.38%)",11.31,11.51,1.07X
002082,万邦德,2026-06-12,11.82,-1.17%,"形态: 两连阴 (-4.98%, -5.00%)",14.64,22.52,1.16X
000859,国风新材,2026-06-12,10.76,-6.52%,趋势: 多头排列 (5>20>60) | 趋势: 高于MA20,10.56,9.93,1.01X
002264,新 华 都,2026-06-12,6.31,1.45%,"形态: 两连阴 (-1.09%, -2.20%)",6.82,7.80,0.85X
002810,山东赫达,2026-06-12,23.05,4.16%,动量: 突破转强 (阳线上穿5/10),23.66,24.12,1.42X
600635,大众公用,2026-06-12,4.78,0.21%,"形态: 两连阴 (-0.61%, -2.85%)",5.27,5.44,1.10X
603070,万控智造,2026-06-12,14.58,1.89%,形态: 10日内有涨停,16.04,15.31,0.27X
002599,盛通股份,2026-06-12,5.88,1.20%,"形态: 两连阴 (-3.08%, -2.84%)",6.41,6.83,0.93X
600470,六国化工,2026-06-12,5.99,5.64%,量能: 放量 (2.75X) | 形态: 10日内有涨停 | 趋势: 高于MA20 | 动量: 突破转强 (阳线上穿5/10),5.63,6.52,2.75X
002491,通鼎互联,2026-06-12,22.73,-5.53%,"趋势: 多头排列 (5>20>60) | 形态: 10日内有涨停 | 形态: 两连阴 (-8.68%, -0.95%)",23.84,18.22,0.94X
002016,世荣兆业,2026-06-12,4.59,0.66%,"形态: 两连阴 (-0.86%, -1.51%)",4.78,5.33,0.94X
002666,德联集团,2026-06-12,4.37,2.10%,"形态: 两连阴 (-0.69%, -1.15%)",4.62,5.09,0.99X
603089,正裕工业,2026-06-12,9.52,0.21%,"形态: 两连阴 (-2.22%, -1.86%)",10.55,11.65,0.93X
603637,镇海股份,2026-06-12,18.1,4.68%,"形态: 两连阴 (-0.77%, -4.05%)",18.68,15.87,1.11X
002732,燕塘乳业,2026-06-12,13.94,1.01%,"形态: 两连阴 (-0.71%, -1.85%)",14.66,15.76,0.96X
601068,中铝国际,2026-06-12,5.06,2.22%,"形态: 两连阴 (-0.60%, -1.20%)",5.42,5.84,1.04X
001299,美能能源,2026-06-12,11.24,9.98%,形态: 10日内有涨停,12.13,13.14,0.98X
002849,威星智能,2026-06-12,16.32,3.42%,动量: 突破转强 (阳线上穿5/10),16.84,17.08,1.21X
002403,爱仕达,2026-06-12,10.06,-0.59%,"形态: 两连阴 (-3.31%, -1.08%)",10.75,10.75,0.99X
600552,凯盛科技,2026-06-12,19.0,-7.72%,"趋势: 多头排列 (5>20>60) | 形态: 10日内有涨停 | 形态: 两连阴 (-9.06%, -0.44%)",19.46,15.91,0.89X
600965,福成股份,2026-06-12,2.75,2.61%,"形态: 两连阴 (-0.66%, -4.96%)",3.45,4.44,0.62X
600973,宝胜股份,2026-06-12,6.39,0.63%,"趋势: 多头排列 (5>20>60) | 量能: 放量 (1.52X) | 形态: 10日内有涨停 | 形态: 两连阴 (-3.08%, -0.94%)",7.87,7.34,1.52X
600651,飞乐音响,2026-06-12,6.16,2.50%,"形态: 两连阴 (-2.57%, -0.83%)",6.57,6.84,0.76X
002212,天融信,2026-06-12,6.35,5.31%,量能: 放量 (1.92X) | 动量: 突破转强 (阳线上穿5/10),6.71,7.29,1.92X
603598,引力传媒,2026-06-12,18.9,-0.74%,形态: 10日内有涨停,21.81,21.31,0.93X
601528,瑞丰银行,2026-06-12,4.83,2.33%,趋势: 高于MA20 | 动量: 突破转强 (阳线上穿5/10),4.77,5.12,1.35X
002434,万里扬,2026-06-12,7.01,2.04%,"量能: 放量 (1.72X) | 形态: 两连阴 (-0.49%, -5.63%) | 动量: 突破转强 (阳线上穿5/10)",7.20,7.60,1.72X
000070,特发信息,2026-06-12,17.1,-3.23%,"形态: 两连阴 (-6.76%, -2.97%)",18.28,18.58,0.84X
000812,陕西金叶,2026-06-12,3.52,1.73%,"形态: 两连阴 (-1.69%, -1.14%)",3.73,3.94,1.04X
002208,合肥城建,2026-06-12,15.46,-0.90%,形态: 10日内有涨停,18.67,15.23,1.08X
002137,实益达,2026-06-12,9.2,-7.16%,"趋势: 多头排列 (5>20>60) | 形态: 10日内有涨停 | 形态: 两连阴 (-0.83%, -7.38%)",9.36,8.65,1.02X
002010,传化智联,2026-06-12,4.9,2.08%,"形态: 两连阴 (-1.22%, -1.23%)",5.22,5.59,0.92X
605208,永茂泰,2026-06-12,15.68,0.06%,趋势: 多头排列 (5>20>60) | 趋势: 高于MA20 | 动量: 突破转强 (阳线上穿5/10),14.67,14.28,0.84X
002575,群兴玩具,2026-06-12,5.97,0.84%,形态: 10日内有涨停,6.09,7.00,0.73X
000065,北方国际,2026-06-12,11.6,6.13%,动量: 突破转强 (阳线上穿5/10),11.74,13.08,1.12X
603366,日出东方,2026-06-12,6.97,1.75%,"形态: 两连阴 (-0.57%, -1.58%)",7.56,8.57,1.00X
603002,宏昌电子,2026-06-12,17.43,-2.63%,趋势: 多头排列 (5>20>60) | 形态: 10日内有涨停 | 趋势: 高于MA20,16.71,13.84,0.90X
603567,珍宝岛,2026-06-12,6.0,0.84%,"形态: 两连阴 (-2.25%, -8.74%)",7.08,7.00,1.42X
000338,潍柴动力,2026-06-12,28.0,1.56%,"形态: 两连阴 (-7.12%, -2.20%)",32.38,29.27,0.86X
002772,众兴菌业,2026-06-12,12.97,1.81%,动量: 突破转强 (阳线上穿5/10),13.66,15.99,0.72X
002636,金安国纪,2026-06-12,89.88,5.99%,趋势: 多头排列 (5>20>60) | 量能: 放量 (1.57X) | 形态: 10日内有涨停 | 趋势: 高于MA20 | 动量: 突破转强 (阳线上穿5/10),56.07,44.25,1.57X
002675,东诚药业,2026-06-12,12.49,1.46%,"形态: 10日内有涨停 | 形态: 两连阴 (-3.49%, -1.44%) | 趋势: 高于MA20 | 动量: 突破转强 (阳线上穿5/10)",12.34,13.14,0.09X
001318,阳光乳业,2026-06-12,11.17,2.01%,"形态: 两连阴 (-1.07%, -1.26%)",11.87,12.95,1.06X
000957,中通客车,2026-06-12,10.52,2.83%,动量: 突破转强 (阳线上穿5/10),10.53,11.27,1.28X
002669,康达新材,2026-06-12,15.5,-9.99%,趋势: 多头排列 (5>20>60) | 形态: 10日内有涨停,15.79,14.18,1.32X
600156,华升股份,2026-06-12,9.1,0.22%,"形态: 10日内有涨停 | 形态: 两连阴 (-1.71%, -1.30%)",10.79,9.80,1.00X
000633,合金投资,2026-06-12,5.38,1.89%,"形态: 两连阴 (-0.94%, -0.19%)",5.75,6.38,0.98X
600084,中信尼雅,2026-06-12,4.27,-4.90%,量能: 放量 (1.86X),4.84,5.84,1.86X
002023,海特高新,2026-06-12,11.4,2.52%,形态: 10日内有涨停 | 动量: 突破转强 (阳线上穿5/10),11.79,11.75,1.31X
002716,湖南白银,2026-06-12,9.01,3.80%,量能: 放量 (1.71X),9.55,11.17,1.71X
002044,美年健康,2026-06-12,4.96,2.06%,"形态: 两连阴 (-5.11%, -2.99%)",5.57,5.61,0.88X
002372,伟星新材,2026-06-12,9.4,2.62%,量能: 放量 (1.83X),9.68,10.41,1.83X
002115,三维通信,2026-06-12,11.51,1.59%,"形态: 两连阴 (-3.66%, -2.24%)",12.59,12.84,0.81X
002340,格林美,2026-06-12,7.36,3.23%,动量: 突破转强 (阳线上穿5/10),7.74,8.16,1.38X
603871,嘉友国际,2026-06-12,12.39,5.45%,趋势: 高于MA20 | 动量: 突破转强 (阳线上穿5/10),11.85,12.99,1.23X
603648,畅联股份,2026-06-12,8.78,2.33%,"形态: 两连阴 (-5.46%, -1.72%)",9.61,9.83,0.11X
000571,新大洲A,2026-06-12,5.24,-1.87%,"形态: 10日内有涨停 | 形态: 两连阴 (-4.71%, -2.20%)",5.64,5.73,0.65X
002302,西部建设,2026-06-12,4.79,-0.21%,"形态: 两连阴 (-0.61%, -1.03%)",5.15,5.54,1.13X
603587,地素时尚,2026-06-12,12.17,1.50%,"形态: 两连阴 (-0.24%, -1.88%)",12.64,12.60,1.06X
000561,烽火电子,2026-06-12,7.95,2.85%,"形态: 两连阴 (-2.02%, -0.39%)",8.38,9.25,1.38X
600331,宏达股份,2026-06-12,13.18,4.11%,量能: 放量 (1.77X),15.10,15.89,1.77X
000520,凤凰航运,2026-06-12,4.15,-0.95%,"形态: 10日内有涨停 | 形态: 两连阴 (-1.82%, -2.78%) | 趋势: 高于MA20",4.03,4.07,0.47X
600721,百花医药,2026-06-12,7.77,-1.27%,形态: 10日内有涨停 | 趋势: 高于MA20,7.57,8.58,0.69X
002951,金时科技,2026-06-12,15.75,-2.78%,"形态: 10日内有涨停 | 形态: 两连阴 (-10.01%, -0.43%)",18.23,16.33,0.84X
600415,小商品城,2026-06-12,11.3,2.54%,"形态: 两连阴 (-2.12%, -0.45%)",12.60,12.93,1.22X
002105,信隆健康,2026-06-12,5.54,2.03%,"形态: 两连阴 (-0.80%, -1.81%)",6.06,6.34,0.95X
600510,黑牡丹,2026-06-12,7.68,3.09%,"形态: 两连阴 (-4.22%, -3.50%)",8.44,9.06,1.19X
002998,优彩资源,2026-06-12,7.4,1.51%,"形态: 两连阴 (-0.27%, -1.49%)",8.33,8.71,0.84X
603221,爱丽家居,2026-06-12,12.51,2.46%,量能: 放量 (1.58X) | 动量: 突破转强 (阳线上穿5/10),12.53,12.00,1.58X
603738,泰晶科技,2026-06-12,51.74,9.99%,形态: 10日内有涨停 | 趋势: 高于MA20 | 动量: 突破转强 (阳线上穿5/10),47.00,37.65,0.48X
000759,中百集团,2026-06-12,5.83,10.00%,"趋势: 多头排列 (5>20>60) | 形态: 10日内有涨停 | 形态: 两连阴 (-6.15%, -6.19%) | 趋势: 高于MA20 | 动量: 突破转强 (阳线上穿5/10)",5.58,5.54,0.97X
603105,芯能科技,2026-06-12,7.7,1.05%,"形态: 两连阴 (-3.35%, -2.31%)",8.83,10.33,1.08X
603697,有友食品,2026-06-12,11.45,2.51%,趋势: 高于MA20 | 动量: 突破转强 (阳线上穿5/10),10.93,10.57,1.28X
000598,兴蓉环境,2026-06-12,7.03,1.74%,趋势: 多头排列 (5>20>60) | 趋势: 高于MA20 | 动量: 突破转强 (阳线上穿5/10),6.84,6.79,1.10X
603177,德创环保,2026-06-12,9.44,1.18%,"形态: 两连阴 (-0.42%, -1.69%)",10.48,11.19,0.93X
002749,国光股份,2026-06-12,8.86,3.14%,"形态: 两连阴 (-0.58%, -1.04%) | 动量: 突破转强 (阳线上穿5/10)",9.54,11.76,0.54X
600719,大连热电,2026-06-12,8.62,-1.37%,形态: 10日内有涨停,9.06,8.06,0.75X
605077,华康股份,2026-06-12,12.18,1.08%,"形态: 两连阴 (-0.96%, -2.59%)",16.07,16.01,0.91X
002639,雪人集团,2026-06-12,14.46,1.05%,"量能: 放量 (1.54X) | 形态: 两连阴 (-3.51%, -0.35%)",15.35,17.48,1.54X
600197,伊力特,2026-06-12,10.53,0.86%,"形态: 两连阴 (-1.20%, -2.52%)",11.94,12.05,1.43X
000932,华菱钢铁,2026-06-12,3.84,2.13%,"量能: 放量 (1.59X) | 形态: 两连阴 (-1.57%, -0.27%)",3.99,4.65,1.59X
002228,合兴包装,2026-06-12,3.21,1.90%,"形态: 两连阴 (-2.15%, -1.25%)",3.41,3.73,1.29X
002757,南兴股份,2026-06-12,19.72,-5.28%,量能: 放量 (2.03X) | 形态: 10日内有涨停,24.54,23.43,2.03X
603879,永悦科技,2026-06-12,4.85,2.54%,"形态: 两连阴 (-0.21%, -2.27%)",5.17,5.50,1.03X
601366,利群股份,2026-06-12,3.61,1.69%,"形态: 两连阴 (-1.90%, -1.66%)",3.76,3.95,0.77X
000559,万向钱潮,2026-06-12,13.43,1.67%,"形态: 两连阴 (-7.59%, -1.42%)",15.70,16.08,0.82X
600523,贵航股份,2026-06-12,11.34,3.85%,"形态: 两连阴 (-1.07%, -1.18%)",12.06,13.28,1.25X
600515,海南机场,2026-06-12,2.98,2.05%,"量能: 放量 (1.57X) | 形态: 两连阴 (-1.33%, -1.35%)",3.14,3.44,1.57X
600099,林海股份,2026-06-12,9.09,0.22%,"形态: 两连阴 (-1.30%, -0.87%)",10.39,10.93,1.20X
603421,鼎信通讯,2026-06-12,6.55,1.39%,"形态: 两连阴 (-3.92%, -2.42%)",7.37,8.36,0.99X
000973,佛塑科技,2026-06-12,15.06,7.57%,量能: 放量 (2.46X) | 趋势: 高于MA20 | 动量: 突破转强 (阳线上穿5/10),14.41,17.01,2.46X
002887,绿茵生态,2026-06-12,12.01,2.65%,"形态: 两连阴 (-2.09%, -3.86%)",13.47,12.57,1.44X
000856,冀东装备,2026-06-12,8.21,1.11%,"形态: 两连阴 (-1.66%, -2.17%)",9.24,10.32,0.88X
002052,同洲电子,2026-06-12,9.1,3.06%,"形态: 两连阴 (-2.90%, -2.21%)",10.00,10.55,1.03X
002514,宝馨科技,2026-06-12,3.14,-5.14%,"形态: 两连阴 (-4.92%, -4.89%)",4.16,4.16,1.39X
000036,华联控股,2026-06-12,5.14,3.63%,"形态: 两连阴 (-2.15%, -0.80%) | 动量: 突破转强 (阳线上穿5/10)",5.25,5.20,1.30X
600857,宁波中百,2026-06-12,15.58,10.03%,形态: 10日内有涨停 | 趋势: 高于MA20 | 动量: 突破转强 (阳线上穿5/10),14.90,13.18,1.50X
603166,福达股份,2026-06-12,13.17,1.70%,"形态: 10日内有涨停 | 形态: 两连阴 (-2.20%, -2.85%)",13.44,13.58,0.78X
600028,中国石化,2026-06-12,4.94,3.13%,量能: 放量 (1.63X) | 趋势: 高于MA20 | 动量: 突破转强 (阳线上穿5/10),4.91,5.41,1.63X
600372,中航机载,2026-06-12,11.14,3.82%,量能: 放量 (1.59X) | 动量: 突破转强 (阳线上穿5/10),11.38,12.55,1.59X
600769,祥龙电业,2026-06-12,15.76,-3.79%,形态: 10日内有涨停,17.33,16.05,1.10X
002576,通达动力,2026-06-12,15.95,0.95%,"形态: 两连阴 (-2.26%, -3.72%) | 动量: 突破转强 (阳线上穿5/10)",16.82,17.99,0.66X
601022,宁波远洋,2026-06-12,7.72,1.45%,"形态: 两连阴 (-1.28%, -1.30%)",8.25,8.69,0.93X
600371,万向德农,2026-06-12,7.14,1.28%,"形态: 两连阴 (-0.42%, -0.70%)",7.59,8.28,1.13X
002003,伟星股份,2026-06-12,9.05,1.34%,"形态: 两连阴 (-1.21%, -0.22%)",9.22,9.66,1.21X
002348,高乐股份,2026-06-12,11.4,-4.20%,"形态: 两连阴 (-5.02%, -1.82%)",13.66,10.89,1.04X
002534,西子洁能,2026-06-12,20.08,4.31%,趋势: 高于MA20 | 动量: 突破转强 (阳线上穿5/10),19.48,18.15,1.23X
601116,三江购物,2026-06-12,11.24,2.65%,"形态: 两连阴 (-1.49%, -2.58%)",12.15,13.31,0.94X
002918,蒙娜丽莎,2026-06-12,11.65,0.09%,"形态: 两连阴 (-2.91%, -0.26%)",13.48,12.49,0.94X
002678,珠江钢琴,2026-06-12,5.45,1.68%,"形态: 两连阴 (-2.08%, -5.30%)",5.96,5.78,1.04X
001330,博纳影业,2026-06-12,7.07,9.95%,"形态: 10日内有涨停 | 形态: 两连阴 (-1.60%, -5.02%)",8.46,7.96,1.34X
002545,东方铁塔,2026-06-12,19.76,1.80%,"量能: 放量 (2.04X) | 形态: 两连阴 (-1.51%, -0.67%)",21.87,22.64,2.04X
600397,江钨装备,2026-06-12,14.72,3.23%,量能: 放量 (1.61X) | 趋势: 高于MA20 | 动量: 突破转强 (阳线上穿5/10),13.72,14.44,1.61X
603006,联明股份,2026-06-12,12.79,-1.54%,"形态: 两连阴 (-3.47%, -2.62%)",13.71,13.34,0.68X
600560,金自天正,2026-06-12,12.0,0.67%,"形态: 两连阴 (-0.84%, -3.56%) | 动量: 突破转强 (阳线上穿5/10)",12.76,13.97,0.90X
002476,宝莫股份,2026-06-12,5.32,5.56%,量能: 放量 (1.62X) | 动量: 突破转强 (阳线上穿5/10),5.39,5.71,1.62X
600531,豫光金铅,2026-06-12,13.09,10.00%,量能: 放量 (1.65X) | 形态: 10日内有涨停 | 动量: 突破转强 (阳线上穿5/10),13.19,14.03,1.65X
002949,华阳国际,2026-06-12,11.27,0.18%,"形态: 两连阴 (-1.63%, -2.00%)",12.57,13.55,0.90X
002769,普路通,2026-06-12,7.58,-1.56%,"形态: 10日内有涨停 | 形态: 两连阴 (-6.02%, -3.27%)",8.10,9.63,0.86X
000586,汇源通信,2026-06-12,14.42,-1.17%,"形态: 10日内有涨停 | 形态: 两连阴 (-4.77%, -2.47%)",16.93,17.98,0.82X
000507,珠海港,2026-06-12,4.83,1.90%,"形态: 两连阴 (-2.43%, -1.46%)",5.12,5.31,0.62X
603528,多伦科技,2026-06-12,7.13,10.03%,"量能: 放量 (1.94X) | 形态: 10日内有涨停 | 形态: 两连阴 (-1.62%, -2.99%) | 动量: 突破转强 (阳线上穿5/10)",7.28,7.85,1.94X
601933,永辉超市,2026-06-12,3.21,1.58%,"形态: 两连阴 (-2.42%, -2.17%)",3.49,3.71,1.06X
000061,农 产 品,2026-06-12,6.09,3.75%,"形态: 两连阴 (-0.50%, -1.51%)",6.35,7.15,1.35X
002164,宁波东力,2026-06-12,13.27,-3.14%,"趋势: 多头排列 (5>20>60) | 形态: 10日内有涨停 | 形态: 两连阴 (-4.06%, -1.72%)",13.69,13.03,0.74X
603017,中衡设计,2026-06-12,11.07,1.84%,"形态: 两连阴 (-0.98%, -2.69%)",12.43,13.91,1.10X
601566,九牧王,2026-06-12,9.74,-1.52%,"形态: 两连阴 (-4.57%, -3.42%)",11.55,11.02,1.06X
003003,天元股份,2026-06-12,11.23,0.09%,"形态: 两连阴 (-1.05%, -1.23%)",12.23,12.91,1.06X
002892,科力尔,2026-06-12,10.5,5.53%,"形态: 10日内有涨停 | 形态: 两连阴 (-3.52%, -4.60%)",11.05,10.95,1.31X
600579,中化装备,2026-06-12,6.61,-1.93%,"形态: 10日内有涨停 | 形态: 两连阴 (-1.12%, -4.94%)",6.81,7.52,0.83X
600714,金瑞矿业,2026-06-12,28.05,-4.00%,形态: 10日内有涨停,29.41,22.98,0.88X
600830,香溢融通,2026-06-12,8.32,2.34%,动量: 突破转强 (阳线上穿5/10),8.61,9.02,1.20X
002565,顺灏股份,2026-06-12,13.86,1.39%,"形态: 两连阴 (-6.41%, -6.37%)",15.45,17.11,0.76X
603997,继峰股份,2026-06-12,13.82,-0.07%,形态: 10日内有涨停 | 趋势: 高于MA20,13.69,12.96,1.02X
002366,融发核电,2026-06-12,5.99,0.50%,"形态: 两连阴 (-3.35%, -1.65%)",6.71,7.21,0.86X
601108,财通证券,2026-06-12,7.69,4.91%,趋势: 多头排列 (5>20>60) | 量能: 放量 (1.80X),9.98,8.76,1.80X
603176,汇通集团,2026-06-12,4.83,0.21%,"形态: 两连阴 (-1.01%, -1.83%)",5.22,5.41,0.48X
002066,瑞泰科技,2026-06-12,22.57,0.09%,"形态: 两连阴 (-2.60%, -1.18%)",24.64,22.68,1.12X
603778,国晟科技,2026-06-12,18.24,-7.88%,形态: 10日内有涨停,20.02,24.26,0.97X
002471,中超控股,2026-06-12,7.2,2.56%,"形态: 10日内有涨停 | 形态: 两连阴 (-9.40%, -0.28%)",7.51,8.31,0.69X
603399,永杉锂业,2026-06-12,20.45,6.62%,趋势: 多头排列 (5>20>60) | 量能: 放量 (1.65X) | 形态: 10日内有涨停 | 趋势: 高于MA20 | 动量: 突破转强 (阳线上穿5/10),17.89,15.40,1.65X
002494,华斯股份,2026-06-12,5.06,1.20%,趋势: 多头排列 (5>20>60),6.42,5.84,0.83X
600961,株冶集团,2026-06-12,25.41,10.00%,形态: 10日内有涨停 | 动量: 突破转强 (阳线上穿5/10),25.74,23.56,1.33X
002725,跃岭股份,2026-06-12,12.95,0.78%,"形态: 两连阴 (-0.85%, -0.23%)",13.83,15.37,0.95X
603165,荣晟环保,2026-06-12,15.33,3.58%,"形态: 两连阴 (-3.36%, -1.07%)",16.82,16.45,1.21X
605122,四方新材,2026-06-12,12.14,0.75%,"形态: 两连阴 (-1.77%, -1.23%)",13.28,13.40,0.97X
002036,联创电子,2026-06-12,7.86,-1.26%,"形态: 两连阴 (-5.96%, -4.90%)",9.15,8.99,0.77X
600051,宁波联合,2026-06-12,6.31,0.48%,"形态: 两连阴 (-0.93%, -1.57%)",6.79,7.34,1.12X
002474,榕基软件,2026-06-12,7.06,1.58%,"趋势: 多头排列 (5>20>60) | 形态: 10日内有涨停 | 形态: 两连阴 (-1.60%, -4.27%)",8.05,7.80,1.46X
002250,联化科技,2026-06-12,14.35,2.28%,动量: 突破转强 (阳线上穿5/10),14.45,15.60,1.30X
605050,福然德,2026-06-12,10.26,0.39%,"形态: 两连阴 (-0.95%, -1.54%)",11.08,12.44,1.03X
000950,重药控股,2026-06-12,5.25,1.35%,"形态: 两连阴 (-1.32%, -0.77%)",5.79,5.95,1.05X
603227,雪峰科技,2026-06-12,8.01,2.17%,"形态: 两连阴 (-1.24%, -1.75%)",8.54,9.00,0.79X
000837,秦川机床,2026-06-12,12.2,-0.49%,"趋势: 多头排列 (5>20>60) | 形态: 两连阴 (-5.28%, -2.31%)",12.21,11.41,0.73X
605388,均瑶健康,2026-06-12,5.36,1.52%,"形态: 两连阴 (-1.10%, -2.22%)",6.06,6.66,1.00X
002107,沃华医药,2026-06-12,6.03,2.03%,"形态: 两连阴 (-1.33%, -0.17%)",6.43,6.90,1.24X
600960,渤海汽车,2026-06-12,4.1,1.74%,"形态: 两连阴 (-3.29%, -1.95%)",4.47,4.88,1.10X
002446,盛路通信,2026-06-12,10.5,-2.60%,"趋势: 多头排列 (5>20>60) | 形态: 两连阴 (-0.46%, -0.46%) | 趋势: 高于MA20",10.30,10.20,0.77X
601339,百隆东方,2026-06-12,7.33,1.81%,动量: 突破转强 (阳线上穿5/10),7.51,7.76,1.24X
600054,黄山旅游,2026-06-12,11.1,3.16%,趋势: 高于MA20 | 动量: 突破转强 (阳线上穿5/10),11.00,11.96,1.06X
603588,高能环境,2026-06-12,14.21,3.87%,"量能: 放量 (1.59X) | 形态: 两连阴 (-3.02%, -5.46%) | 趋势: 高于MA20 | 动量: 突破转强 (阳线上穿5/10)",12.57,14.26,1.59X
603110,东方材料,2026-06-12,21.13,0.48%,动量: 突破转强 (阳线上穿5/10),22.02,19.71,0.93X
002453,华软科技,2026-06-12,5.24,-1.69%,"形态: 两连阴 (-1.09%, -1.66%)",5.79,5.55,0.89X
003016,欣贺股份,2026-06-12,6.95,1.91%,"形态: 两连阴 (-1.00%, -1.16%)",7.39,7.93,0.93X
002094,青岛金王,2026-06-12,4.89,0.82%,"形态: 两连阴 (-0.40%, -1.42%)",5.25,5.97,1.07X
600212,绿能慧充,2026-06-12,5.89,1.55%,"形态: 两连阴 (-1.33%, -2.52%)",6.38,7.09,1.12X
603808,歌力思,2026-06-12,9.11,0.44%,形态: 10日内有涨停,9.28,9.97,1.00X
605006,山东玻纤,2026-06-12,20.59,-7.50%,趋势: 多头排列 (5>20>60) | 形态: 10日内有涨停 | 趋势: 高于MA20,17.65,13.13,1.16X
600802,福建水泥,2026-06-12,4.8,1.05%,"形态: 两连阴 (-1.23%, -1.25%)",5.12,5.57,1.09X
002346,柘中股份,2026-06-12,16.0,0.38%,"形态: 两连阴 (-5.11%, -4.61%)",19.50,19.17,0.54X
002331,皖通科技,2026-06-12,8.23,-1.56%,"形态: 两连阴 (-1.41%, -0.48%)",8.88,8.76,1.01X
002339,积成电子,2026-06-12,7.64,1.19%,"形态: 两连阴 (-3.28%, -1.44%)",8.65,9.91,1.07X
603022,新通联,2026-06-12,9.3,0.65%,"形态: 两连阴 (-1.68%, -1.49%)",10.27,10.57,0.94X
002235,安妮股份,2026-06-12,9.58,2.24%,"形态: 10日内有涨停 | 形态: 两连阴 (-2.22%, -3.40%)",10.38,10.39,0.77X
002383,合众思壮,2026-06-12,7.32,1.67%,"形态: 两连阴 (-2.92%, -1.50%)",8.01,9.06,1.22X
002097,山河智能,2026-06-12,8.24,2.11%,"形态: 两连阴 (-2.14%, -1.82%)",8.72,9.59,1.11X
600235,民丰特纸,2026-06-12,5.65,1.44%,"形态: 两连阴 (-1.40%, -1.24%)",6.09,6.51,1.00X
002062,宏润建设,2026-06-12,7.77,-1.15%,形态: 10日内有涨停,8.60,8.40,0.69X
000823,超声电子,2026-06-12,18.26,-4.40%,趋势: 多头排列 (5>20>60) | 趋势: 高于MA20,16.87,15.70,1.20X
002584,西陇科学,2026-06-12,7.93,-3.53%,形态: 10日内有涨停 | 趋势: 高于MA20,7.92,7.90,0.99X
002404,嘉欣丝绸,2026-06-12,6.32,-0.94%,形态: 10日内有涨停,6.62,6.82,0.60X
002056,横店东磁,2026-06-12,24.62,-0.40%,"趋势: 多头排列 (5>20>60) | 形态: 两连阴 (-8.44%, -2.98%) | 趋势: 高于MA20",24.35,21.32,1.08X
000758,中色股份,2026-06-12,6.96,9.95%,"量能: 放量 (1.60X) | 形态: 10日内有涨停 | 形态: 两连阴 (-0.47%, -0.47%) | 趋势: 高于MA20 | 动量: 突破转强 (阳线上穿5/10)",6.80,6.86,1.60X
002196,方正电机,2026-06-12,12.47,1.14%,"形态: 两连阴 (-5.30%, -4.12%)",14.53,14.24,0.72X
002357,富临运业,2026-06-12,9.39,0.64%,"形态: 两连阴 (-2.29%, -2.51%)",10.46,11.83,0.64X
002209,达 意 隆,2026-06-12,11.48,2.04%,"形态: 两连阴 (-4.01%, -2.17%)",12.51,14.43,0.80X
601696,中银证券,2026-06-12,11.54,10.01%,量能: 放量 (2.48X) | 形态: 10日内有涨停 | 趋势: 高于MA20 | 动量: 突破转强 (阳线上穿5/10),11.37,12.08,2.48X
600428,中远海特,2026-06-12,7.99,2.04%,趋势: 高于MA20 | 动量: 突破转强 (阳线上穿5/10),7.79,8.43,1.45X
603278,大业股份,2026-06-12,11.83,-1.91%,"形态: 10日内有涨停 | 形态: 两连阴 (-4.59%, -6.44%)",13.42,12.49,0.69X
002459,晶澳科技,2026-06-12,8.85,-0.56%,"量能: 放量 (1.84X) | 形态: 两连阴 (-3.92%, -2.73%)",9.50,10.64,1.84X
002765,蓝黛科技,2026-06-12,7.82,2.36%,"形态: 两连阴 (-3.69%, -2.30%)",8.52,9.57,1.07X
000789,万年青,2026-06-12,4.26,-1.16%,"形态: 两连阴 (-0.68%, -1.60%)",4.51,4.96,1.25X
600258,首旅酒店,2026-06-12,12.75,2.08%,量能: 放量 (1.56X),13.13,14.64,1.56X
002277,友阿股份,2026-06-12,6.44,-0.16%,"形态: 两连阴 (-1.64%, -2.42%)",6.71,6.25,1.12X
002667,威领股份,2026-06-12,17.96,-4.97%,"形态: 两连阴 (-5.01%, -4.98%)",20.32,25.44,1.14X
002571,德力股份,2026-06-12,11.66,-1.93%,"趋势: 多头排列 (5>20>60) | 形态: 两连阴 (-3.42%, -2.14%)",12.17,11.86,0.74X
600353,旭光电子,2026-06-12,28.69,-4.18%,趋势: 多头排列 (5>20>60) | 形态: 10日内有涨停 | 趋势: 高于MA20,24.47,18.92,1.31X
002258,利尔化学,2026-06-12,13.17,1.78%,趋势: 高于MA20 | 动量: 突破转强 (阳线上穿5/10),12.66,13.53,1.28X
600814,杭州解百,2026-06-12,6.92,2.22%,"形态: 两连阴 (-0.29%, -1.60%)",7.11,7.47,1.21X
002512,达华智能,2026-06-12,4.07,0.49%,"形态: 两连阴 (-4.93%, -4.48%)",4.61,4.32,0.80X
605136,丽人丽妆,2026-06-12,8.28,1.35%,"形态: 两连阴 (-2.43%, -2.97%)",9.38,10.05,0.98X
002631,德尔未来,2026-06-12,7.76,0.13%,"趋势: 多头排列 (5>20>60) | 形态: 10日内有涨停 | 形态: 两连阴 (-3.56%, -1.27%) | 趋势: 高于MA20",7.53,7.43,0.62X
002591,恒大高新,2026-06-12,7.19,0.84%,"趋势: 多头排列 (5>20>60) | 形态: 两连阴 (-1.30%, -2.06%)",8.54,7.75,1.38X
600148,长春一东,2026-06-12,16.56,1.10%,"形态: 两连阴 (-0.17%, -1.15%) | 趋势: 高于MA20 | 动量: 突破转强 (阳线上穿5/10)",16.38,17.77,0.29X
002543,万和电气,2026-06-12,6.83,-2.84%,量能: 放量 (1.56X),7.50,8.26,1.56X
002593,日上集团,2026-06-12,4.43,2.31%,"形态: 两连阴 (-1.99%, -2.26%)",4.78,5.14,1.08X
601319,中国人保,2026-06-12,7.02,4.31%,"量能: 放量 (2.22X) | 形态: 两连阴 (-1.06%, -0.74%)",7.37,7.46,2.22X
600838,上海九百,2026-06-12,7.73,2.25%,"形态: 两连阴 (-1.16%, -1.43%)",8.25,9.39,1.11X
603810,丰山集团,2026-06-12,12.45,0.08%,"形态: 两连阴 (-0.48%, -0.72%)",13.70,15.04,0.94X
002448,中原内配,2026-06-12,12.57,5.28%,"量能: 放量 (1.61X) | 形态: 两连阴 (-3.49%, -1.89%)",13.46,14.53,1.61X
002405,四维图新,2026-06-12,7.4,0.00%,"形态: 两连阴 (-0.13%, -6.45%)",8.63,9.16,0.75X
002272,川润股份,2026-06-12,20.94,0.62%,动量: 突破转强 (阳线上穿5/10),21.20,19.42,1.02X
601288,农业银行,2026-06-12,6.8,1.80%,趋势: 高于MA20 | 动量: 突破转强 (阳线上穿5/10),6.48,6.69,1.03X
603321,梅轮电梯,2026-06-12,6.35,0.63%,"形态: 两连阴 (-1.55%, -0.63%)",6.76,7.44,1.18X
605138,盛泰集团,2026-06-12,6.35,0.79%,"形态: 两连阴 (-1.09%, -1.10%)",7.03,7.07,1.12X
002117,东港股份,2026-06-12,9.02,1.35%,"形态: 两连阴 (-1.38%, -4.30%)",9.46,9.97,0.75X
002708,光洋股份,2026-06-12,13.1,-5.00%,"形态: 10日内有涨停 | 形态: 两连阴 (-3.13%, -3.16%)",14.77,13.69,0.88X
000821,京山轻机,2026-06-12,9.03,1.01%,"形态: 两连阴 (-4.12%, -3.87%)",9.38,10.73,0.59X
002483,润邦股份,2026-06-12,5.43,1.88%,"形态: 两连阴 (-1.64%, -1.30%)",5.79,6.48,0.91X
002441,众业达,2026-06-12,8.38,2.20%,形态: 10日内有涨停,9.48,9.81,0.24X
002188,中天服务,2026-06-12,5.69,2.89%,"形态: 两连阴 (-1.05%, -1.78%)",6.17,6.49,0.98X
600860,京城股份,2026-06-12,8.85,1.84%,"形态: 两连阴 (-2.00%, -1.47%)",9.53,10.79,0.97X
600012,皖通高速,2026-06-12,16.46,-1.91%,趋势: 多头排列 (5>20>60) | 量能: 放量 (1.56X) | 趋势: 高于MA20,16.40,15.83,1.56X
603086,先达股份,2026-06-12,5.92,2.60%,"形态: 两连阴 (-0.17%, -1.20%)",6.31,7.10,1.37X
600755,厦门国贸,2026-06-12,5.6,1.45%,"形态: 两连阴 (-0.18%, -1.43%)",5.87,6.14,0.97X
002361,神剑股份,2026-06-12,15.74,-9.90%,形态: 10日内有涨停,16.89,17.34,0.80X
600586,金晶科技,2026-06-12,4.57,-2.77%,"形态: 10日内有涨停 | 形态: 两连阴 (-3.04%, -1.67%)",5.18,5.57,0.92X
600667,太极实业,2026-06-12,16.42,-6.23%,趋势: 多头排列 (5>20>60) | 形态: 10日内有涨停 | 趋势: 高于MA20,14.41,11.63,1.24X
600828,茂业商业,2026-06-12,3.99,0.25%,"形态: 10日内有涨停 | 形态: 两连阴 (-7.24%, -5.91%)",4.51,4.99,0.73X
603158,腾龙股份,2026-06-12,12.76,-2.07%,"形态: 两连阴 (-10.00%, -5.37%)",14.72,13.57,0.85X
603960,克来机电,2026-06-12,19.62,-0.51%,"形态: 两连阴 (-3.28%, -4.32%)",21.69,22.00,1.13X
600733,北汽蓝谷,2026-06-12,5.79,1.58%,"形态: 两连阴 (-2.85%, -1.72%)",6.21,6.88,1.20X
002999,天禾股份,2026-06-12,6.03,1.34%,"形态: 两连阴 (-0.17%, -0.50%)",6.36,6.84,1.19X
002166,莱茵生物,2026-06-12,7.48,1.22%,"形态: 两连阴 (-0.93%, -0.40%)",8.16,8.67,1.02X
600697,欧亚集团,2026-06-12,10.99,1.67%,"形态: 两连阴 (-0.55%, -0.83%)",11.53,11.90,0.92X
603599,广信股份,2026-06-12,11.02,5.66%,量能: 放量 (1.52X) | 动量: 突破转强 (阳线上穿5/10),11.21,13.05,1.52X
603385,惠达卫浴,2026-06-12,5.47,1.86%,"形态: 两连阴 (-1.08%, -1.83%)",5.85,6.54,1.12X
000686,东北证券,2026-06-12,7.83,5.81%,量能: 放量 (1.68X) | 动量: 突破转强 (阳线上穿5/10),7.89,8.18,1.68X
002204,大连重工,2026-06-12,5.63,1.08%,"形态: 两连阴 (-0.35%, -1.76%)",5.97,6.46,1.19X
601212,白银有色,2026-06-12,5.76,3.60%,量能: 放量 (1.75X),6.26,7.39,1.75X
000612,焦作万方,2026-06-12,11.43,8.03%,量能: 放量 (1.96X) | 动量: 突破转强 (阳线上穿5/10),11.64,12.29,1.96X
603928,兴业股份,2026-06-12,15.09,0.53%,动量: 突破转强 (阳线上穿5/10),15.63,15.36,0.84X
002492,恒基达鑫,2026-06-12,5.83,1.04%,"形态: 两连阴 (-1.03%, -0.35%)",6.44,7.32,1.05X
600778,友好集团,2026-06-12,5.75,1.95%,"形态: 两连阴 (-0.35%, -0.70%)",6.19,6.41,0.89X
002169,智光电气,2026-06-12,14.94,-0.20%,"形态: 两连阴 (-0.07%, -1.71%)",16.57,14.91,0.87X
603685,晨丰科技,2026-06-12,30.19,0.63%,"形态: 两连阴 (-2.13%, -3.85%)",32.76,31.46,0.73X
000850,华茂股份,2026-06-12,3.79,2.16%,"形态: 两连阴 (-1.32%, -0.80%)",4.02,4.53,1.12X
003040,楚天龙,2026-06-12,11.94,1.27%,"形态: 两连阴 (-5.01%, -2.40%)",13.13,14.89,0.57X
000892,欢瑞世纪,2026-06-12,3.66,2.81%,"形态: 两连阴 (-3.14%, -3.78%)",4.07,5.17,1.16X
002363,隆基机械,2026-06-12,6.75,2.27%,"形态: 两连阴 (-2.33%, -1.49%)",7.29,7.92,0.98X
002548,金新农,2026-06-12,4.0,0.50%,"形态: 两连阴 (-0.25%, -1.00%)",4.19,4.87,1.00X
002825,纳尔股份,2026-06-12,9.38,1.30%,"形态: 两连阴 (-2.53%, -3.84%)",10.40,10.45,0.67X
600435,北方导航,2026-06-12,12.3,3.97%,动量: 突破转强 (阳线上穿5/10),12.32,13.93,1.20X
603515,欧普照明,2026-06-12,18.86,2.72%,动量: 突破转强 (阳线上穿5/10),19.09,19.56,1.16X
600444,国机通用,2026-06-12,14.21,0.64%,"形态: 10日内有涨停 | 形态: 两连阴 (-10.02%, -0.49%)",15.76,16.88,0.17X
002064,华峰化学,2026-06-12,10.35,4.97%,趋势: 高于MA20 | 动量: 突破转强 (阳线上穿5/10),10.31,10.68,1.04X
605222,起帆电缆,2026-06-12,24.83,3.24%,"形态: 两连阴 (-2.43%, -4.98%)",30.57,29.09,1.21X
002414,高德红外,2026-06-12,13.02,2.92%,动量: 突破转强 (阳线上穿5/10),13.12,13.54,1.37X
603668,天马科技,2026-06-12,11.39,1.79%,动量: 突破转强 (阳线上穿5/10),11.55,12.57,1.12X
603359,东珠生态,2026-06-12,2.62,1.95%,"形态: 两连阴 (-5.09%, -1.53%)",2.90,4.56,0.73X
603569,长久物流,2026-06-12,6.23,2.13%,趋势: 高于MA20 | 动量: 突破转强 (阳线上穿5/10),6.16,6.56,1.20X
603633,徕木股份,2026-06-12,7.51,0.54%,"形态: 两连阴 (-4.09%, -3.36%)",8.27,8.10,0.81X
002782,可立克,2026-06-12,22.05,-2.09%,"形态: 两连阴 (-5.84%, -3.64%)",26.58,23.63,1.06X
002203,海亮股份,2026-06-12,23.44,10.00%,量能: 放量 (2.03X) | 形态: 10日内有涨停 | 趋势: 高于MA20 | 动量: 突破转强 (阳线上穿5/10),20.25,17.87,2.03X
000710,贝瑞基因,2026-06-12,8.06,1.64%,"形态: 两连阴 (-1.93%, -2.22%)",8.93,9.88,0.98X
601156,东航物流,2026-06-12,16.68,1.34%,量能: 放量 (1.82X) | 趋势: 高于MA20 | 动量: 突破转强 (阳线上穿5/10),15.87,16.58,1.82X
002099,海翔药业,2026-06-12,5.37,0.37%,形态: 10日内有涨停,5.57,6.41,0.92X
002879,长缆科技,2026-06-12,14.45,0.84%,"形态: 两连阴 (-3.15%, -0.76%)",15.95,18.78,1.02X
600326,西藏天路,2026-06-12,7.17,1.27%,"形态: 两连阴 (-0.55%, -1.80%)",7.91,8.89,1.02X
600546,山煤国际,2026-06-12,13.27,1.84%,"形态: 10日内有涨停 | 形态: 两连阴 (-3.81%, -0.69%)",13.75,12.79,1.16X
603313,梦百合,2026-06-12,5.31,3.51%,"形态: 两连阴 (-0.19%, -2.10%)",5.59,6.95,1.32X
600676,交运股份,2026-06-12,6.52,3.16%,动量: 突破转强 (阳线上穿5/10),6.73,7.41,1.07X
002418,康盛股份,2026-06-12,4.15,-0.24%,"形态: 两连阴 (-4.49%, -2.12%)",4.89,5.29,1.00X
002676,顺威股份,2026-06-12,5.63,1.44%,"形态: 两连阴 (-9.97%, -2.63%)",5.75,6.52,0.44X
000007,全新好,2026-06-12,14.08,1.08%,趋势: 高于MA20 | 动量: 突破转强 (阳线上穿5/10),12.44,13.43,0.78X
600359,新农开发,2026-06-12,6.44,3.21%,量能: 放量 (1.72X),6.57,6.98,1.72X
000301,东方盛虹,2026-06-12,11.88,2.33%,动量: 突破转强 (阳线上穿5/10),12.11,11.93,1.27X
600179,安通控股,2026-06-12,4.56,4.83%,趋势: 多头排列 (5>20>60) | 趋势: 高于MA20 | 动量: 突破转强 (阳线上穿5/10),4.42,4.39,1.39X
600879,航天电子,2026-06-12,20.01,-0.55%,"形态: 两连阴 (-4.92%, -3.69%)",21.21,22.42,0.98X
603535,嘉诚国际,2026-06-12,6.68,1.67%,"形态: 两连阴 (-1.62%, -1.79%)",7.40,8.02,0.90X
002454,松芝股份,2026-06-12,5.3,0.95%,"形态: 两连阴 (-3.96%, -1.50%)",6.60,8.57,0.90X
000949,新乡化纤,2026-06-12,6.61,3.77%,趋势: 多头排列 (5>20>60) | 量能: 放量 (1.60X),7.57,7.48,1.60X
001322,箭牌家居,2026-06-12,6.51,2.36%,趋势: 多头排列 (5>20>60),8.94,7.93,1.21X
000600,建投能源,2026-06-12,10.27,1.99%,"形态: 两连阴 (-4.33%, -0.98%)",11.00,9.99,0.94X
000695,滨海能源,2026-06-12,12.98,2.37%,"形态: 两连阴 (-2.49%, -2.01%)",14.66,14.34,1.05X
600601,方正科技,2026-06-12,12.89,9.98%,"量能: 放量 (1.74X) | 形态: 10日内有涨停 | 形态: 两连阴 (-3.96%, -1.43%) | 趋势: 高于MA20 | 动量: 突破转强 (阳线上穿5/10)",12.54,11.54,1.74X
600773,西藏城投,2026-06-12,15.54,5.71%,"形态: 两连阴 (-0.60%, -1.01%) | 动量: 突破转强 (阳线上穿5/10)",17.30,19.79,1.20X
601399,国机重装,2026-06-12,3.69,3.65%,"量能: 放量 (1.69X) | 形态: 两连阴 (-2.45%, -0.84%)",3.84,4.20,1.69X
000755,山西高速,2026-06-12,4.69,1.96%,"形态: 两连阴 (-0.42%, -2.13%)",5.08,5.14,0.70X
601002,晋亿实业,2026-06-12,4.85,0.83%,"形态: 两连阴 (-1.81%, -1.23%)",5.15,5.61,0.81X
600198,大唐电信,2026-06-12,9.19,-2.34%,趋势: 多头排列 (5>20>60) | 形态: 10日内有涨停 | 趋势: 高于MA20,8.81,8.62,0.95X
603679,华体科技,2026-06-12,18.67,0.43%,趋势: 多头排列 (5>20>60) | 趋势: 高于MA20 | 动量: 突破转强 (阳线上穿5/10),17.44,15.58,0.78X
002800,天顺股份,2026-06-12,14.94,2.54%,"形态: 两连阴 (-0.13%, -3.51%)",16.89,18.21,1.02X
600176,中国巨石,2026-06-12,41.61,1.31%,趋势: 多头排列 (5>20>60) | 形态: 10日内有涨停 | 趋势: 高于MA20 | 动量: 突破转强 (阳线上穿5/10),38.55,33.10,1.16X
600271,航天信息,2026-06-12,7.08,3.06%,"形态: 两连阴 (-1.26%, -2.69%)",7.56,8.23,1.34X
000017,深中华A,2026-06-12,5.14,2.39%,"形态: 两连阴 (-1.37%, -0.59%)",5.44,6.23,1.11X
600330,天通股份,2026-06-12,28.25,-3.62%,形态: 10日内有涨停,29.98,24.71,0.88X
002617,露笑科技,2026-06-12,8.5,4.55%,"量能: 放量 (2.03X) | 形态: 两连阴 (-3.99%, -0.73%)",9.07,8.24,2.03X
603058,永吉股份,2026-06-12,9.98,5.27%,动量: 突破转强 (阳线上穿5/10),10.15,11.29,1.49X
600203,福日电子,2026-06-12,11.12,-2.88%,"形态: 两连阴 (-3.90%, -1.12%)",12.57,12.01,1.01X
002410,广联达,2026-06-12,8.95,1.13%,"形态: 两连阴 (-2.24%, -3.59%)",9.71,10.77,1.05X
603088,宁波精达,2026-06-12,9.82,-1.01%,"形态: 两连阴 (-3.85%, -0.80%)",10.97,12.11,0.86X
600446,金证股份,2026-06-12,11.53,2.85%,"量能: 放量 (1.74X) | 形态: 两连阴 (-0.68%, -5.80%)",13.19,13.16,1.74X
002171,楚江新材,2026-06-12,13.59,5.51%,趋势: 多头排列 (5>20>60) | 趋势: 高于MA20 | 动量: 突破转强 (阳线上穿5/10),12.20,11.70,1.25X
600376,首开股份,2026-06-12,3.4,1.19%,"形态: 两连阴 (-4.74%, -1.75%)",4.17,4.64,0.96X
600236,桂冠电力,2026-06-12,9.9,1.12%,"形态: 两连阴 (-7.17%, -0.51%)",10.88,10.30,0.93X
600909,华安证券,2026-06-12,7.35,1.10%,趋势: 多头排列 (5>20>60) | 趋势: 高于MA20 | 动量: 突破转强 (阳线上穿5/10),7.17,6.19,1.31X
600712,南宁百货,2026-06-12,5.37,0.75%,"形态: 两连阴 (-1.47%, -0.93%)",5.82,6.03,0.93X
600226,亨通股份,2026-06-12,7.5,0.00%,趋势: 多头排列 (5>20>60) | 形态: 10日内有涨停 | 趋势: 高于MA20,6.56,5.63,0.98X
002846,英联股份,2026-06-12,11.92,4.93%,"形态: 两连阴 (-3.23%, -1.05%)",12.82,14.16,0.30X
002519,银河电子,2026-06-12,6.3,1.12%,"形态: 两连阴 (-1.87%, -1.11%)",6.89,7.73,1.10X
601789,宁波建工,2026-06-12,4.45,1.37%,"趋势: 多头排列 (5>20>60) | 形态: 两连阴 (-8.89%, -2.88%)",6.23,5.97,1.17X
600996,贵广网络,2026-06-12,8.86,0.68%,形态: 10日内有涨停,9.11,9.09,0.93X
603331,百达精工,2026-06-12,11.84,-0.50%,"形态: 两连阴 (-2.49%, -2.14%)",13.17,14.41,0.70X
002963,豪尔赛,2026-06-12,19.17,2.02%,趋势: 多头排列 (5>20>60) | 形态: 10日内有涨停 | 趋势: 高于MA20 | 动量: 突破转强 (阳线上穿5/10),18.14,16.49,0.88X
603101,汇嘉时代,2026-06-12,6.89,1.47%,"形态: 两连阴 (-0.86%, -1.45%)",7.43,8.47,0.96X
002125,湘潭电化,2026-06-12,18.06,-1.42%,趋势: 多头排列 (5>20>60) | 形态: 10日内有涨停 | 趋势: 高于MA20,15.60,14.52,1.04X
600578,京能电力,2026-06-12,7.49,-3.73%,"形态: 10日内有涨停 | 形态: 两连阴 (-9.97%, -5.35%)",8.59,6.41,0.86X
002520,日发精机,2026-06-12,6.41,-0.62%,"趋势: 多头排列 (5>20>60) | 形态: 10日内有涨停 | 形态: 两连阴 (-2.37%, -1.98%) | 趋势: 高于MA20",6.30,5.98,0.69X
603219,富佳股份,2026-06-12,14.82,0.00%,"形态: 两连阴 (-3.31%, -0.47%)",16.74,16.70,0.75X
603703,盛洋科技,2026-06-12,11.17,-2.19%,"形态: 两连阴 (-2.73%, -2.89%)",13.00,13.15,0.77X
002009,天奇股份,2026-06-12,20.17,0.40%,"形态: 两连阴 (-6.76%, -4.83%)",23.41,24.27,0.58X
600476,湘邮科技,2026-06-12,10.18,-0.59%,"形态: 两连阴 (-2.78%, -2.48%)",11.46,11.35,0.96X
002590,万安科技,2026-06-12,10.96,1.20%,"形态: 10日内有涨停 | 形态: 两连阴 (-4.67%, -3.56%)",12.16,12.35,0.65X
002033,丽江股份,2026-06-12,8.73,5.18%,趋势: 高于MA20 | 动量: 突破转强 (阳线上穿5/10),8.68,9.21,1.34X
001217,华尔泰,2026-06-12,9.65,1.90%,"形态: 两连阴 (-0.84%, -0.32%)",10.13,11.32,1.31X
600858,银座股份,2026-06-12,4.94,2.49%,"形态: 两连阴 (-0.82%, -0.62%)",5.16,5.53,1.20X
600843,上工申贝,2026-06-12,8.63,5.76%,量能: 放量 (1.71X) | 形态: 10日内有涨停 | 趋势: 高于MA20 | 动量: 突破转强 (阳线上穿5/10),8.12,8.89,1.71X
002284,亚太股份,2026-06-12,10.54,1.35%,"形态: 两连阴 (-3.46%, -1.79%)",11.80,13.17,0.94X
603898,好莱客,2026-06-12,12.75,-2.52%,量能: 放量 (1.78X) | 趋势: 高于MA20,12.57,13.43,1.78X
600356,恒丰纸业,2026-06-12,8.54,0.83%,"形态: 两连阴 (-0.23%, -1.17%)",9.02,9.16,1.08X
603032,德新科技,2026-06-12,21.89,-0.36%,"形态: 两连阴 (-5.40%, -2.01%)",23.83,21.65,0.70X
603707,健友股份,2026-06-12,7.75,3.06%,"形态: 两连阴 (-0.52%, -1.96%)",8.08,9.03,1.34X
002842,翔鹭钨业,2026-06-12,39.69,0.89%,趋势: 多头排列 (5>20>60) | 量能: 放量 (2.03X) | 形态: 10日内有涨停 | 趋势: 高于MA20 | 动量: 突破转强 (阳线上穿5/10),33.96,33.87,2.03X
603328,依顿电子,2026-06-12,13.38,-4.29%,趋势: 多头排列 (5>20>60) | 趋势: 高于MA20,12.77,12.50,0.96X
600215,派斯林,2026-06-12,6.24,-0.16%,"形态: 两连阴 (-3.79%, -1.57%)",6.64,6.71,1.10X
002682,龙洲股份,2026-06-12,4.79,1.27%,"形态: 两连阴 (-2.03%, -1.87%)",5.23,5.73,0.98X
002969,嘉美包装,2026-06-12,16.39,10.00%,形态: 10日内有涨停,18.24,21.95,0.89X
603602,纵横通信,2026-06-12,12.72,-0.16%,"形态: 两连阴 (-1.77%, -4.21%)",13.47,13.32,0.95X
600576,祥源文旅,2026-06-12,6.18,9.96%,量能: 放量 (2.60X) | 形态: 10日内有涨停 | 趋势: 高于MA20 | 动量: 突破转强 (阳线上穿5/10),5.84,5.90,2.60X
603073,彩蝶实业,2026-06-12,17.01,0.59%,"形态: 两连阴 (-3.79%, -0.70%)",18.70,19.61,0.26X
000524,岭南控股,2026-06-12,9.13,3.40%,动量: 突破转强 (阳线上穿5/10),9.23,10.31,1.09X
600110,诺德股份,2026-06-12,12.94,5.89%,趋势: 多头排列 (5>20>60) | 量能: 放量 (1.53X) | 形态: 10日内有涨停 | 趋势: 高于MA20 | 动量: 突破转强 (阳线上穿5/10),11.17,10.16,1.53X
600738,丽尚国潮,2026-06-12,4.1,1.23%,"形态: 两连阴 (-0.24%, -1.46%)",4.30,4.61,1.21X
002651,利君股份,2026-06-12,8.15,4.09%,"量能: 放量 (1.71X) | 形态: 两连阴 (-0.63%, -0.38%) | 动量: 突破转强 (阳线上穿5/10)",8.37,9.13,1.71X
603238,诺邦股份,2026-06-12,12.63,2.60%,"形态: 两连阴 (-0.32%, -1.76%)",13.50,15.04,1.15X
603112,华翔股份,2026-06-12,18.26,0.05%,"形态: 两连阴 (-5.71%, -2.25%)",20.94,19.90,0.66X
601398,工商银行,2026-06-12,7.78,1.57%,趋势: 高于MA20 | 动量: 突破转强 (阳线上穿5/10),7.32,7.40,0.95X
600336,澳柯玛,2026-06-12,7.14,2.29%,"形态: 两连阴 (-0.42%, -2.24%)",7.80,7.47,0.89X
000599,青岛双星,2026-06-12,4.81,0.21%,"形态: 两连阴 (-1.42%, -1.44%)",5.23,5.55,0.78X
601611,中国核建,2026-06-12,10.72,2.49%,"形态: 两连阴 (-2.93%, -1.32%)",11.73,13.31,0.99X
601187,厦门银行,2026-06-12,7.99,2.30%,趋势: 高于MA20 | 动量: 突破转强 (阳线上穿5/10),7.32,7.51,1.25X
600854,春兰股份,2026-06-12,4.46,1.59%,"形态: 两连阴 (-3.88%, -1.57%)",4.98,5.15,1.05X
002634,棒杰股份,2026-06-12,4.71,-0.42%,趋势: 高于MA20,4.65,5.97,0.64X
002026,山东威达,2026-06-12,11.94,0.34%,"形态: 两连阴 (-2.33%, -1.90%)",12.46,12.85,1.11X
002083,孚日股份,2026-06-12,9.64,6.99%,量能: 放量 (2.30X),11.30,11.49,2.30X
002527,新时达,2026-06-12,13.57,-2.58%,"趋势: 多头排列 (5>20>60) | 形态: 10日内有涨停 | 形态: 两连阴 (-6.00%, -8.29%)",14.49,13.83,0.71X
000829,天音控股,2026-06-12,8.88,0.34%,"形态: 两连阴 (-0.97%, -3.70%)",9.11,10.25,0.72X
002438,江苏神通,2026-06-12,15.22,2.15%,"形态: 两连阴 (-0.59%, -0.47%) | 动量: 突破转强 (阳线上穿5/10)",15.61,16.36,1.25X
600736,苏州高新,2026-06-12,7.94,2.06%,趋势: 多头排列 (5>20>60) | 趋势: 高于MA20 | 动量: 突破转强 (阳线上穿5/10),7.48,7.23,0.92X
603339,四方科技,2026-06-12,12.73,0.16%,"形态: 两连阴 (-1.53%, -1.47%)",13.12,13.22,0.70X
603626,科森科技,2026-06-12,21.1,-0.99%,"形态: 两连阴 (-5.90%, -2.43%)",24.53,23.97,0.64X
600172,黄河旋风,2026-06-12,11.83,0.08%,"量能: 放量 (1.51X) | 形态: 两连阴 (-5.68%, -2.48%)",12.62,10.02,1.51X
601233,桐昆股份,2026-06-12,22.3,10.01%,趋势: 多头排列 (5>20>60) | 形态: 10日内有涨停 | 趋势: 高于MA20 | 动量: 突破转强 (阳线上穿5/10),20.19,19.93,1.13X
603536,惠发食品,2026-06-12,8.96,2.28%,"形态: 两连阴 (-1.34%, -1.02%)",9.41,9.83,1.06X
600571,信雅达,2026-06-12,10.46,2.25%,"形态: 两连阴 (-2.53%, -3.49%) | 动量: 突破转强 (阳线上穿5/10)",11.29,12.70,1.19X
600901,江苏金租,2026-06-12,6.68,1.52%,趋势: 高于MA20 | 动量: 突破转强 (阳线上穿5/10),6.47,6.65,1.04X
603680,今创集团,2026-06-12,11.14,0.72%,"形态: 两连阴 (-2.11%, -0.81%)",12.49,13.19,1.05X
605056,咸亨国际,2026-06-12,17.98,-1.26%,"形态: 两连阴 (-2.52%, -1.83%)",21.52,24.21,1.04X
605167,利柏特,2026-06-12,13.62,-3.61%,"形态: 两连阴 (-0.96%, -0.98%)",15.68,17.00,0.34X
600776,东方通信,2026-06-12,15.1,-1.63%,"形态: 10日内有涨停 | 形态: 两连阴 (-1.49%, -6.86%)",15.67,15.98,0.69X
603982,泉峰汽车,2026-06-12,6.34,0.63%,动量: 突破转强 (阳线上穿5/10),6.76,7.41,0.48X
000617,中油资本,2026-06-12,7.25,1.83%,"形态: 两连阴 (-0.83%, -0.70%)",7.80,9.16,1.18X
600232,金鹰股份,2026-06-12,7.11,3.34%,"形态: 两连阴 (-1.70%, -0.58%)",7.64,8.12,1.37X
601279,英利汽车,2026-06-12,3.42,1.48%,"形态: 两连阴 (-1.45%, -0.88%)",3.60,3.89,0.95X
601882,海天精工,2026-06-12,19.96,-0.05%,"形态: 两连阴 (-4.38%, -1.58%)",21.79,20.62,1.01X
600480,凌云股份,2026-06-12,9.65,0.73%,"趋势: 多头排列 (5>20>60) | 形态: 两连阴 (-3.35%, -2.44%)",11.34,10.81,0.78X
603861,白云电器,2026-06-12,15.4,4.76%,"趋势: 多头排列 (5>20>60) | 形态: 两连阴 (-8.67%, -9.98%)",16.51,16.48,1.07X
002707,众信旅游,2026-06-12,5.49,3.78%,趋势: 多头排列 (5>20>60),6.53,6.47,0.46X
600682,南京新百,2026-06-12,5.83,-0.17%,"形态: 10日内有涨停 | 形态: 两连阴 (-3.74%, -1.35%)",5.87,6.55,0.73X
000700,模塑科技,2026-06-12,14.4,-1.84%,"趋势: 多头排列 (5>20>60) | 形态: 10日内有涨停 | 形态: 两连阴 (-5.88%, -3.61%)",15.24,13.09,1.01X
601598,中国外运,2026-06-12,5.74,0.35%,"趋势: 多头排列 (5>20>60) | 形态: 两连阴 (-2.75%, -2.05%)",6.54,6.21,1.24X
603045,福达合金,2026-06-12,72.86,-4.14%,"趋势: 多头排列 (5>20>60) | 形态: 10日内有涨停 | 形态: 两连阴 (-10.00%, -5.32%)",73.02,50.83,0.84X
601238,广汽集团,2026-06-12,5.88,2.26%,"形态: 两连阴 (-1.53%, -0.86%)",6.13,6.82,1.11X
000701,厦门信达,2026-06-12,5.03,-0.40%,"形态: 两连阴 (-3.71%, -2.70%)",5.65,5.81,0.84X
002322,理工能科,2026-06-12,10.65,1.72%,"形态: 两连阴 (-3.64%, -0.66%)",11.84,12.87,0.55X
002096,易普力,2026-06-12,9.2,2.68%,"形态: 两连阴 (-4.95%, -4.78%)",10.51,11.38,0.85X
605303,园林股份,2026-06-12,27.3,-1.97%,形态: 10日内有涨停,28.21,23.38,1.01X
002564,天沃科技,2026-06-12,4.89,2.30%,"形态: 两连阴 (-1.44%, -0.21%)",5.29,5.93,0.95X
002297,博云新材,2026-06-12,22.44,4.91%,动量: 突破转强 (阳线上穿5/10),22.69,18.64,1.50X
002198,嘉应制药,2026-06-12,3.61,2.27%,"形态: 两连阴 (-4.22%, -2.75%)",3.88,5.91,0.75X
002537,海联金汇,2026-06-12,5.96,3.29%,"量能: 放量 (1.76X) | 形态: 两连阴 (-1.01%, -2.20%)",6.79,7.42,1.76X
603214,爱婴室,2026-06-12,13.7,1.71%,"形态: 两连阴 (-1.01%, -1.46%)",14.80,15.69,0.99X
603332,苏州龙杰,2026-06-12,11.47,2.59%,"形态: 两连阴 (-0.53%, -1.41%)",12.41,13.21,0.99X
603323,苏农银行,2026-06-12,4.89,2.73%,趋势: 高于MA20 | 动量: 突破转强 (阳线上穿5/10),4.76,4.85,1.38X
002194,武汉凡谷,2026-06-12,11.37,0.62%,形态: 10日内有涨停 | 动量: 突破转强 (阳线上穿5/10),11.56,11.31,1.08X
603817,海峡环保,2026-06-12,5.89,1.38%,"形态: 两连阴 (-1.35%, -0.85%)",6.31,7.10,1.22X
000670,盈方微,2026-06-12,8.63,-8.39%,"趋势: 多头排列 (5>20>60) | 量能: 放量 (2.01X) | 形态: 10日内有涨停 | 形态: 两连阴 (-4.49%, -2.79%)",9.04,8.41,2.01X
600817,宇通重工,2026-06-12,9.64,-0.10%,"形态: 两连阴 (-0.98%, -1.73%) | 趋势: 高于MA20",9.62,11.02,0.64X
600824,益民集团,2026-06-12,3.66,2.23%,"形态: 两连阴 (-0.28%, -1.10%)",3.79,3.95,0.99X
600732,爱旭股份,2026-06-12,12.7,1.28%,形态: 10日内有涨停 | 趋势: 高于MA20 | 动量: 突破转强 (阳线上穿5/10),12.23,14.01,1.22X
600588,用友网络,2026-06-12,10.0,1.01%,"形态: 10日内有涨停 | 形态: 两连阴 (-4.17%, -4.35%)",10.80,11.64,0.79X
605066,天正电气,2026-06-12,6.41,2.72%,"形态: 两连阴 (-3.65%, -1.42%)",7.23,7.72,1.33X
600080,金花股份,2026-06-12,4.78,0.00%,"形态: 两连阴 (-2.96%, -2.65%)",5.45,7.11,0.73X
002668,TCL智家,2026-06-12,9.64,1.80%,趋势: 高于MA20 | 动量: 突破转强 (阳线上穿5/10),9.45,9.40,1.30X
603028,赛福天,2026-06-12,7.48,1.36%,"形态: 两连阴 (-2.09%, -1.60%)",8.32,8.58,0.84X
002465,海格通信,2026-06-12,13.68,0.59%,"形态: 两连阴 (-5.06%, -3.27%)",15.75,15.59,0.87X
002011,盾安环境,2026-06-12,10.76,1.22%,"形态: 两连阴 (-1.83%, -0.93%)",12.00,12.04,0.96X
002952,亚世光电,2026-06-12,23.22,1.13%,"形态: 两连阴 (-2.52%, -1.03%)",26.71,26.44,0.85X
000810,创维数字,2026-06-12,10.09,0.50%,"形态: 两连阴 (-1.13%, -4.47%)",11.55,11.74,0.84X
600241,时代万恒,2026-06-12,7.34,1.38%,"形态: 两连阴 (-2.15%, -1.09%)",7.86,8.98,1.15X
002413,雷科防务,2026-06-12,10.35,2.78%,动量: 突破转强 (阳线上穿5/10),10.90,12.51,1.36X
603969,银龙股份,2026-06-12,7.7,1.05%,"形态: 两连阴 (-2.98%, -2.56%)",8.40,9.00,1.00X
603958,哈森股份,2026-06-12,19.09,0.21%,"形态: 两连阴 (-1.82%, -1.70%)",21.60,22.18,0.94X
603712,七一二,2026-06-12,13.79,4.00%,"量能: 放量 (1.97X) | 形态: 两连阴 (-1.46%, -1.49%)",14.81,15.83,1.97X
600468,百利电气,2026-06-12,5.74,1.95%,"形态: 两连阴 (-4.79%, -2.43%)",6.54,7.61,1.31X
600897,厦门空港,2026-06-12,16.19,2.73%,量能: 放量 (1.63X) | 趋势: 高于MA20 | 动量: 突破转强 (阳线上穿5/10),14.94,15.69,1.63X
002521,齐峰新材,2026-06-12,7.11,2.89%,"形态: 两连阴 (-2.16%, -2.40%)",7.50,8.02,0.80X
002540,亚太科技,2026-06-12,5.16,1.98%,"形态: 两连阴 (-1.55%, -0.39%)",5.46,6.08,1.27X
600057,厦门象屿,2026-06-12,6.18,3.34%,量能: 放量 (1.57X) | 动量: 突破转强 (阳线上穿5/10),6.22,7.20,1.57X
600679,上海凤凰,2026-06-12,9.46,1.61%,"形态: 10日内有涨停 | 形态: 两连阴 (-2.40%, -4.71%)",10.12,11.04,0.72X
002752,昇兴股份,2026-06-12,6.2,4.03%,"形态: 两连阴 (-1.63%, -1.32%)",6.70,6.72,1.27X
000798,中水渔业,2026-06-12,7.84,1.69%,"形态: 两连阴 (-0.26%, -0.90%)",8.36,9.39,1.04X
603730,岱美股份,2026-06-12,12.5,-3.18%,"趋势: 多头排列 (5>20>60) | 形态: 两连阴 (-0.08%, -0.54%)",12.57,10.68,0.74X
000026,飞亚达,2026-06-12,20.41,-2.67%,"形态: 两连阴 (-0.44%, -1.36%)",21.34,18.15,1.40X
600522,中天科技,2026-06-12,48.6,-1.36%,"趋势: 多头排列 (5>20>60) | 形态: 10日内有涨停 | 形态: 两连阴 (-7.86%, -1.85%) | 趋势: 高于MA20",44.81,36.31,0.82X
002877,智能自控,2026-06-12,7.84,-2.00%,形态: 10日内有涨停,8.43,8.76,0.76X
600589,大位科技,2026-06-12,9.35,-0.85%,"形态: 两连阴 (-2.78%, -5.23%)",11.42,11.16,1.26X
000592,平潭发展,2026-06-12,7.58,2.43%,"形态: 两连阴 (-1.42%, -2.89%)",8.79,10.42,1.10X
600257,大湖股份,2026-06-12,5.07,0.40%,"形态: 两连阴 (-1.36%, -0.39%)",5.40,6.07,1.11X
601061,中信金属,2026-06-12,11.35,1.89%,量能: 放量 (1.51X),12.85,12.87,1.51X
600783,鲁信创投,2026-06-12,21.31,-2.92%,"形态: 两连阴 (-3.25%, -1.79%)",22.66,21.79,1.31X
600707,彩虹股份,2026-06-12,9.86,-7.07%,"趋势: 多头排列 (5>20>60) | 形态: 两连阴 (-9.00%, -6.35%)",10.96,8.58,0.79X
603687,大胜达,2026-06-12,18.38,-3.26%,趋势: 多头排列 (5>20>60) | 形态: 10日内有涨停 | 趋势: 高于MA20,17.23,16.60,0.96X
002378,章源钨业,2026-06-12,34.64,3.00%,量能: 放量 (1.87X) | 形态: 10日内有涨停 | 趋势: 高于MA20 | 动量: 突破转强 (阳线上穿5/10),29.80,31.48,1.87X
000825,太钢不锈,2026-06-12,3.75,3.59%,"形态: 两连阴 (-0.81%, -1.36%)",3.87,4.23,1.45X
603098,森特股份,2026-06-12,11.66,-0.85%,"形态: 两连阴 (-1.80%, -1.75%)",12.52,14.37,1.04X
603386,骏亚科技,2026-06-12,17.23,-4.81%,"形态: 两连阴 (-3.19%, -2.64%) | 趋势: 高于MA20",16.24,14.76,1.48X
003036,泰坦股份,2026-06-12,82.16,2.46%,"趋势: 多头排列 (5>20>60) | 形态: 10日内有涨停 | 形态: 两连阴 (-1.65%, -0.51%) | 趋势: 高于MA20 | 动量: 突破转强 (阳线上穿5/10)",65.86,41.71,1.03X
601177,杭齿前进,2026-06-12,13.48,1.97%,"形态: 两连阴 (-6.18%, -2.15%)",16.10,15.46,0.83X
002585,双星新材,2026-06-12,11.58,-6.76%,趋势: 多头排列 (5>20>60) | 形态: 10日内有涨停 | 趋势: 高于MA20,10.66,8.52,1.01X
601218,吉鑫科技,2026-06-12,4.78,0.63%,"形态: 两连阴 (-1.02%, -0.63%)",5.42,6.14,1.40X
603225,新凤鸣,2026-06-12,20.16,9.98%,"趋势: 多头排列 (5>20>60) | 形态: 10日内有涨停 | 形态: 两连阴 (-0.26%, -5.76%) | 趋势: 高于MA20 | 动量: 突破转强 (阳线上穿5/10)",18.12,17.56,0.89X
002960,青鸟消防,2026-06-12,8.92,0.90%,形态: 10日内有涨停 | 趋势: 高于MA20 | 动量: 突破转强 (阳线上穿5/10),8.91,10.75,0.91X
002342,巨力索具,2026-06-12,10.17,1.90%,"形态: 两连阴 (-5.05%, -2.73%) | 动量: 突破转强 (阳线上穿5/10)",11.35,14.93,1.12X
000955,欣龙控股,2026-06-12,4.06,1.75%,"形态: 两连阴 (-0.98%, -0.99%)",4.31,4.77,1.06X
603208,江山欧派,2026-06-12,11.91,2.67%,动量: 突破转强 (阳线上穿5/10),12.32,13.09,0.09X
600416,湘电股份,2026-06-12,9.76,2.20%,"形态: 两连阴 (-2.39%, -2.65%)",11.36,12.22,1.07X
002330,得利斯,2026-06-12,3.9,1.30%,"形态: 两连阴 (-1.02%, -0.52%)",4.11,4.51,0.97X
603915,国茂股份,2026-06-12,15.1,-1.37%,"形态: 两连阴 (-1.26%, -3.47%)",15.86,15.73,0.93X
603506,南都物业,2026-06-12,10.63,1.14%,"形态: 两连阴 (-0.84%, -1.41%)",11.66,12.28,0.89X
603178,圣龙股份,2026-06-12,16.25,1.44%,"形态: 两连阴 (-2.68%, -2.14%)",18.39,17.65,0.87X
000626,远大控股,2026-06-12,7.29,1.82%,形态: 10日内有涨停,7.76,8.25,0.84X
002307,北新路桥,2026-06-12,3.62,1.69%,"形态: 两连阴 (-0.94%, -3.78%)",4.19,4.42,0.63X
000510,新金路,2026-06-12,19.37,9.99%,趋势: 多头排列 (5>20>60) | 形态: 10日内有涨停 | 趋势: 高于MA20 | 动量: 突破转强 (阳线上穿5/10),16.89,15.58,1.42X
000590,启迪药业,2026-06-12,9.3,-0.11%,"形态: 10日内有涨停 | 形态: 两连阴 (-8.46%, -0.75%)",10.85,11.21,0.04X
002187,广百股份,2026-06-12,5.27,2.33%,"形态: 两连阴 (-1.69%, -1.34%)",5.57,6.03,0.83X
600218,全柴动力,2026-06-12,8.03,1.39%,"形态: 两连阴 (-2.56%, -1.00%)",8.55,9.23,1.10X
002559,亚威股份,2026-06-12,9.45,-5.31%,量能: 放量 (1.54X),10.26,10.27,1.54X
600490,鹏欣资源,2026-06-12,7.1,6.93%,动量: 突破转强 (阳线上穿5/10),7.39,7.93,1.40X
603015,弘讯科技,2026-06-12,13.27,4.32%,趋势: 多头排列 (5>20>60) | 量能: 放量 (2.34X) | 趋势: 高于MA20 | 动量: 突破转强 (阳线上穿5/10),12.44,12.37,2.34X
600703,三安光电,2026-06-12,13.92,-8.78%,"形态: 10日内有涨停 | 形态: 两连阴 (-10.00%, -1.99%)",16.05,14.71,1.27X
001914,招商积余,2026-06-12,9.65,2.77%,动量: 突破转强 (阳线上穿5/10),9.67,9.92,1.21X
600590,泰豪科技,2026-06-12,11.8,3.06%,"形态: 两连阴 (-3.49%, -3.62%)",13.41,14.56,1.20X
000050,深天马Ａ,2026-06-12,7.51,-1.96%,"形态: 两连阴 (-3.85%, -4.25%)",7.92,8.04,1.00X
002068,黑猫股份,2026-06-12,10.08,1.00%,"形态: 10日内有涨停 | 形态: 两连阴 (-2.59%, -1.77%)",10.22,9.34,1.14X
002799,环球印务,2026-06-12,6.93,0.29%,"形态: 两连阴 (-1.13%, -0.86%)",7.64,8.15,1.12X
002085,万丰奥威,2026-06-12,13.59,10.04%,形态: 10日内有涨停 | 趋势: 高于MA20 | 动量: 突破转强 (阳线上穿5/10),12.51,13.63,0.94X
002251,步步高,2026-06-12,4.0,2.56%,"形态: 10日内有涨停 | 形态: 两连阴 (-7.95%, -6.47%)",4.29,4.23,0.86X
603035,常熟汽饰,2026-06-12,11.65,1.30%,"形态: 两连阴 (-1.01%, -2.13%)",12.30,13.31,1.07X
002394,联发股份,2026-06-12,9.36,0.65%,"形态: 两连阴 (-1.46%, -1.27%)",10.55,12.58,1.06X
002488,金固股份,2026-06-12,9.75,1.25%,"形态: 两连阴 (-7.81%, -0.52%)",10.65,11.43,0.81X
600603,广汇物流,2026-06-12,4.64,4.04%,"形态: 两连阴 (-3.19%, -1.98%)",5.04,6.13,1.21X
600846,同济科技,2026-06-12,10.41,3.58%,"量能: 放量 (1.51X) | 形态: 两连阴 (-2.18%, -6.51%)",11.54,12.18,1.51X
002973,侨银股份,2026-06-12,12.78,1.19%,"形态: 两连阴 (-0.99%, -3.22%)",13.11,13.06,0.65X
002370,亚太药业,2026-06-12,5.23,0.77%,"形态: 两连阴 (-2.02%, -2.81%)",5.80,6.55,1.03X
600463,空港股份,2026-06-12,9.0,0.22%,"形态: 10日内有涨停 | 形态: 两连阴 (-0.44%, -0.77%)",9.76,10.11,0.89X
600095,湘财股份,2026-06-12,7.86,4.94%,"量能: 放量 (1.63X) | 形态: 两连阴 (-0.13%, -2.09%)",8.35,8.98,1.63X
002820,桂发祥,2026-06-12,9.46,1.72%,"形态: 两连阴 (-0.32%, -1.90%)",10.18,10.62,0.83X
605007,五洲特纸,2026-06-12,13.18,3.05%,"形态: 两连阴 (-0.76%, -2.37%)",13.91,14.38,1.17X
603856,东宏股份,2026-06-12,12.55,5.82%,趋势: 高于MA20 | 动量: 突破转强 (阳线上穿5/10),12.20,12.66,1.13X
600302,标准股份,2026-06-12,10.78,1.70%,趋势: 高于MA20 | 动量: 突破转强 (阳线上穿5/10),10.22,10.56,0.87X
002729,好利科技,2026-06-12,17.44,4.37%,"形态: 两连阴 (-2.88%, -0.89%)",19.10,19.54,1.36X
002181,粤 传 媒,2026-06-12,13.07,-9.74%,"趋势: 多头排列 (5>20>60) | 量能: 放量 (1.82X) | 形态: 10日内有涨停 | 形态: 两连阴 (-2.21%, -10.01%)",16.91,14.81,1.82X
603311,金海高科,2026-06-12,38.51,-1.08%,趋势: 多头排列 (5>20>60) | 形态: 10日内有涨停 | 趋势: 高于MA20,33.34,23.14,1.14X
601777,千里科技,2026-06-12,9.8,8.17%,"形态: 两连阴 (-1.78%, -3.31%)",10.93,10.63,1.42X
002268,电科网安,2026-06-12,13.1,2.34%,"形态: 两连阴 (-1.49%, -2.96%)",14.32,15.87,1.05X
000030,富奥股份,2026-06-12,4.35,1.40%,"形态: 两连阴 (-6.49%, -4.03%)",4.62,4.94,0.47X
000703,恒逸石化,2026-06-12,13.03,4.83%,"量能: 放量 (1.55X) | 形态: 两连阴 (-0.39%, -1.82%) | 动量: 突破转强 (阳线上穿5/10)",13.40,14.04,1.55X
000993,闽东电力,2026-06-12,11.82,2.78%,"形态: 两连阴 (-6.19%, -2.79%)",13.51,13.46,0.89X
002027,分众传媒,2026-06-12,5.45,2.06%,动量: 突破转强 (阳线上穿5/10),5.51,6.06,1.45X
603305,旭升集团,2026-06-12,13.73,2.54%,"形态: 两连阴 (-6.01%, -3.74%)",15.53,15.22,0.92X
002734,利民股份,2026-06-12,15.2,-0.33%,"形态: 两连阴 (-3.65%, -0.46%)",16.50,17.39,0.89X
002556,辉隆股份,2026-06-12,5.18,1.37%,趋势: 多头排列 (5>20>60),6.39,6.23,0.50X
605033,美邦股份,2026-06-12,18.96,1.39%,"形态: 两连阴 (-1.05%, -0.53%)",20.40,22.03,1.30X
002283,天润工业,2026-06-12,9.36,2.52%,"形态: 两连阴 (-6.40%, -3.89%)",11.13,10.66,0.87X
600459,贵研铂业,2026-06-12,24.99,-0.48%,趋势: 多头排列 (5>20>60) | 量能: 放量 (1.62X) | 形态: 10日内有涨停 | 趋势: 高于MA20,22.29,20.99,1.62X
002462,嘉事堂,2026-06-12,13.57,2.11%,趋势: 高于MA20 | 动量: 突破转强 (阳线上穿5/10),13.55,13.97,1.13X
600765,中航重机,2026-06-12,14.02,5.65%,量能: 放量 (1.91X) | 动量: 突破转强 (阳线上穿5/10),14.33,15.70,1.91X
002806,华锋股份,2026-06-12,17.11,-4.20%,形态: 10日内有涨停 | 趋势: 高于MA20,16.34,14.82,0.85X
002161,远 望 谷,2026-06-12,5.55,1.09%,"形态: 两连阴 (-1.22%, -3.35%)",6.25,6.94,0.92X
603335,迪生力,2026-06-12,8.05,9.97%,"趋势: 多头排列 (5>20>60) | 形态: 10日内有涨停 | 形态: 两连阴 (-2.73%, -2.01%) | 趋势: 高于MA20 | 动量: 突破转强 (阳线上穿5/10)",7.22,6.71,0.23X
600469,风神股份,2026-06-12,5.68,2.53%,"形态: 两连阴 (-0.88%, -1.07%)",5.94,6.46,1.35X
002373,千方科技,2026-06-12,7.4,2.49%,"形态: 两连阴 (-1.32%, -3.48%)",8.06,9.04,1.07X
603985,恒润股份,2026-06-12,23.59,1.42%,动量: 突破转强 (阳线上穿5/10),24.11,23.36,0.98X
002824,和胜股份,2026-06-12,28.85,-0.03%,趋势: 多头排列 (5>20>60) | 形态: 10日内有涨停 | 趋势: 高于MA20,25.92,24.58,1.45X
601001,晋控煤业,2026-06-12,20.81,1.31%,趋势: 多头排列 (5>20>60) | 形态: 10日内有涨停 | 趋势: 高于MA20,19.38,18.02,0.96X
002611,东方精工,2026-06-12,18.41,8.17%,"量能: 放量 (1.83X) | 形态: 两连阴 (-5.89%, -2.30%) | 趋势: 高于MA20 | 动量: 突破转强 (阳线上穿5/10)",18.23,17.78,1.83X
000922,佳电股份,2026-06-12,12.46,3.57%,量能: 放量 (1.64X),13.40,14.04,1.64X
002345,潮宏基,2026-06-12,9.76,10.03%,量能: 放量 (1.68X) | 形态: 10日内有涨停 | 趋势: 高于MA20 | 动量: 突破转强 (阳线上穿5/10),9.19,10.06,1.68X
600126,杭钢股份,2026-06-12,6.75,1.66%,"形态: 两连阴 (-0.57%, -5.28%)",7.74,8.66,0.93X
600058,五矿发展,2026-06-12,10.3,4.99%,量能: 放量 (1.60X) | 形态: 10日内有涨停 | 趋势: 高于MA20 | 动量: 突破转强 (阳线上穿5/10),10.21,10.89,1.60X
605183,确成股份,2026-06-12,14.68,2.23%,"形态: 两连阴 (-0.61%, -2.64%)",15.54,17.72,1.23X
002148,北纬科技,2026-06-12,6.29,1.94%,"形态: 两连阴 (-2.85%, -2.53%) | 动量: 突破转强 (阳线上穿5/10)",6.72,7.37,0.79X
000589,贵州轮胎,2026-06-12,4.53,1.57%,"趋势: 多头排列 (5>20>60) | 量能: 放量 (1.55X) | 形态: 两连阴 (-1.75%, -1.11%)",4.94,4.79,1.55X
002324,普利特,2026-06-12,12.05,2.99%,"形态: 两连阴 (-0.25%, -2.17%) | 动量: 突破转强 (阳线上穿5/10)",12.75,14.50,1.12X
603758,秦安股份,2026-06-12,10.21,2.20%,动量: 突破转强 (阳线上穿5/10),11.07,12.19,0.30X
603500,祥和实业,2026-06-12,12.86,-1.98%,趋势: 多头排列 (5>20>60) | 形态: 10日内有涨停 | 趋势: 高于MA20,10.90,10.87,0.46X
002139,拓邦股份,2026-06-12,9.55,0.42%,"形态: 两连阴 (-2.64%, -4.61%)",10.54,11.47,1.03X
002111,威海广泰,2026-06-12,9.59,3.12%,"形态: 两连阴 (-0.42%, -2.62%)",10.34,10.26,1.47X
002706,良信股份,2026-06-12,11.33,-1.39%,"形态: 两连阴 (-7.59%, -0.61%)",13.12,11.62,0.71X
000016,深康佳Ａ,2026-06-12,2.84,1.07%,"形态: 两连阴 (-4.55%, -4.42%)",3.24,3.23,0.79X
002337,赛象科技,2026-06-12,5.0,1.21%,"形态: 两连阴 (-1.76%, -1.79%)",5.36,5.89,0.85X
000970,中科三环,2026-06-12,13.82,-1.50%,趋势: 多头排列 (5>20>60) | 形态: 10日内有涨停 | 趋势: 高于MA20,12.11,12.06,0.86X
000678,襄阳轴承,2026-06-12,9.78,-4.49%,"量能: 放量 (1.56X) | 形态: 两连阴 (-1.90%, -10.02%)",11.84,12.20,1.56X
002560,通达股份,2026-06-12,8.22,1.86%,"形态: 两连阴 (-3.91%, -0.62%)",8.96,11.57,1.05X
002587,奥拓电子,2026-06-12,6.58,-3.80%,"形态: 两连阴 (-2.24%, -1.87%)",6.92,6.82,0.98X
603809,豪能股份,2026-06-12,10.5,0.77%,"形态: 两连阴 (-1.86%, -1.14%) | 动量: 突破转强 (阳线上穿5/10)",10.69,10.87,1.23X
600333,长春燃气,2026-06-12,5.48,0.74%,"形态: 两连阴 (-0.73%, -0.18%)",5.74,5.61,1.07X
603518,锦泓集团,2026-06-12,8.37,2.20%,"形态: 两连阴 (-0.60%, -0.85%)",8.81,9.01,1.03X
002702,海欣食品,2026-06-12,5.12,2.40%,"形态: 两连阴 (-0.20%, -1.96%)",5.39,5.62,1.03X
002532,天山铝业,2026-06-12,13.43,0.15%,量能: 放量 (1.95X),14.75,16.48,1.95X
603990,麦迪科技,2026-06-12,22.04,9.98%,"趋势: 多头排列 (5>20>60) | 形态: 10日内有涨停 | 形态: 两连阴 (-1.73%, -4.57%) | 趋势: 高于MA20 | 动量: 突破转强 (阳线上穿5/10)",19.83,16.85,0.83X
002279,久其软件,2026-06-12,6.86,1.18%,形态: 10日内有涨停,7.07,7.75,0.68X
600151,航天机电,2026-06-12,11.66,3.92%,"形态: 两连阴 (-4.77%, -1.41%)",13.52,13.84,1.44X
002053,云南能投,2026-06-12,10.62,2.02%,"形态: 两连阴 (-3.85%, -0.86%)",11.51,11.83,0.85X
002103,广博股份,2026-06-12,6.41,0.63%,"形态: 两连阴 (-1.06%, -2.45%)",7.02,7.84,1.34X
002697,红旗连锁,2026-06-12,4.53,1.57%,"形态: 两连阴 (-0.87%, -1.98%)",4.76,5.12,1.16X
002783,凯龙股份,2026-06-12,7.52,3.87%,"形态: 两连阴 (-3.16%, -1.63%)",8.04,8.87,0.91X
001210,金房能源,2026-06-12,24.09,-3.14%,形态: 10日内有涨停,29.11,24.27,0.96X
603909,建发合诚,2026-06-12,9.71,2.43%,"形态: 两连阴 (-0.21%, -1.86%)",10.52,11.44,1.04X
002177,御银股份,2026-06-12,6.09,1.84%,"形态: 两连阴 (-3.38%, -0.33%)",7.00,7.49,1.09X
605189,富春染织,2026-06-12,13.34,1.91%,"形态: 两连阴 (-2.31%, -0.30%)",15.04,15.86,1.05X
600191,华资实业,2026-06-12,10.96,2.62%,趋势: 高于MA20 | 动量: 突破转强 (阳线上穿5/10),10.86,11.77,1.09X
601677,明泰铝业,2026-06-12,16.98,1.68%,"形态: 两连阴 (-2.84%, -2.40%)",18.38,17.25,1.24X
600268,国电南自,2026-06-12,12.36,3.78%,"形态: 两连阴 (-2.45%, -0.42%)",13.45,14.51,1.21X
002493,荣盛石化,2026-06-12,11.34,5.49%,动量: 突破转强 (阳线上穿5/10),11.47,12.11,1.42X
600152,维科技术,2026-06-12,10.5,1.65%,"形态: 10日内有涨停 | 形态: 两连阴 (-3.30%, -2.18%)",11.90,11.96,1.02X
605001,威奥股份,2026-06-12,6.07,1.34%,"形态: 两连阴 (-1.13%, -1.80%)",6.54,7.11,1.02X
002350,北京科锐,2026-06-12,14.33,-0.69%,"趋势: 多头排列 (5>20>60) | 形态: 两连阴 (-6.05%, -1.50%)",16.02,15.06,1.24X
002541,鸿路钢构,2026-06-12,17.19,1.96%,"形态: 两连阴 (-5.66%, -2.66%)",18.37,19.74,1.21X
603900,莱绅通灵,2026-06-12,6.41,2.72%,"形态: 两连阴 (-0.63%, -0.95%)",6.76,7.33,1.35X
000582,北部湾港,2026-06-12,11.23,0.18%,"形态: 两连阴 (-4.16%, -2.69%)",12.77,11.69,0.76X
000159,国际实业,2026-06-12,5.94,-1.82%,"形态: 两连阴 (-0.96%, -2.73%)",6.70,6.55,0.67X
600886,国投电力,2026-06-12,14.03,1.89%,趋势: 高于MA20 | 动量: 突破转强 (阳线上穿5/10),13.79,13.80,1.36X
000753,漳州发展,2026-06-12,5.08,3.04%,"形态: 两连阴 (-0.79%, -1.79%)",5.50,6.31,1.20X
002319,乐通股份,2026-06-12,11.49,4.36%,"趋势: 多头排列 (5>20>60) | 形态: 两连阴 (-4.77%, -4.34%)",12.07,11.67,0.50X
603079,圣达生物,2026-06-12,13.1,2.58%,"形态: 两连阴 (-3.44%, -0.70%) | 动量: 突破转强 (阳线上穿5/10)",13.24,15.49,0.26X
003025,思进智能,2026-06-12,16.25,-0.12%,趋势: 多头排列 (5>20>60) | 趋势: 高于MA20,15.10,14.32,1.01X
002031,巨轮智能,2026-06-12,5.63,-2.09%,"形态: 两连阴 (-8.68%, -5.74%)",6.78,6.54,0.72X
603182,嘉华股份,2026-06-12,12.89,1.42%,动量: 突破转强 (阳线上穿5/10),13.44,14.57,1.01X
600366,宁波韵升,2026-06-12,13.28,2.15%,"形态: 两连阴 (-2.93%, -5.11%) | 趋势: 高于MA20 | 动量: 突破转强 (阳线上穿5/10)",12.65,12.59,1.27X
603876,鼎胜新材,2026-06-12,26.47,4.91%,动量: 突破转强 (阳线上穿5/10),26.68,25.53,1.16X
002347,泰尔股份,2026-06-12,6.49,1.25%,"形态: 两连阴 (-4.65%, -2.29%)",7.32,7.94,0.82X
600869,远东股份,2026-06-12,32.43,9.93%,趋势: 多头排列 (5>20>60) | 形态: 10日内有涨停 | 趋势: 高于MA20 | 动量: 突破转强 (阳线上穿5/10),24.84,18.96,1.42X
002045,国光电器,2026-06-12,8.51,1.67%,"形态: 两连阴 (-1.60%, -2.79%)",9.60,10.97,1.09X
000566,海南海药,2026-06-12,3.88,2.37%,"形态: 两连阴 (-1.28%, -1.56%)",4.12,4.87,1.20X
000572,海马汽车,2026-06-12,4.17,1.21%,"形态: 两连阴 (-2.79%, -1.44%)",4.58,5.39,1.15X
002423,中粮资本,2026-06-12,8.89,3.25%,量能: 放量 (1.64X),9.88,10.22,1.64X
603356,华菱精工,2026-06-12,18.34,5.04%,趋势: 高于MA20 | 动量: 突破转强 (阳线上穿5/10),17.24,17.49,0.40X
601700,风范股份,2026-06-12,4.79,1.05%,"形态: 两连阴 (-3.02%, -1.66%)",5.28,5.35,0.76X
600493,凤竹纺织,2026-06-12,6.02,0.50%,"形态: 两连阴 (-1.95%, -1.48%)",7.06,7.25,1.14X
002248,华东数控,2026-06-12,9.55,1.38%,"形态: 两连阴 (-0.88%, -2.79%) | 动量: 突破转强 (阳线上穿5/10)",10.32,11.87,0.51X
002278,神开股份,2026-06-12,8.59,1.54%,"形态: 两连阴 (-0.69%, -2.42%)",9.18,10.65,0.90X
000630,铜陵有色,2026-06-12,7.1,10.08%,形态: 10日内有涨停 | 趋势: 高于MA20 | 动量: 突破转强 (阳线上穿5/10),6.50,6.33,1.33X
002098,浔兴股份,2026-06-12,7.19,2.71%,"形态: 两连阴 (-1.12%, -0.71%)",7.55,8.43,1.10X
600986,浙文互联,2026-06-12,7.77,1.04%,"形态: 两连阴 (-0.86%, -4.35%)",8.79,9.88,0.91X
601608,中信重工,2026-06-12,5.23,1.55%,"形态: 两连阴 (-1.50%, -2.28%)",5.57,5.97,1.15X
002805,丰元股份,2026-06-12,21.24,4.22%,量能: 放量 (1.86X) | 动量: 突破转强 (阳线上穿5/10),21.66,20.05,1.86X
600063,皖维高新,2026-06-12,7.41,-4.39%,趋势: 多头排列 (5>20>60) | 形态: 10日内有涨停 | 趋势: 高于MA20,7.05,6.95,0.86X
603878,武进不锈,2026-06-12,6.29,6.61%,量能: 放量 (1.95X),6.76,7.51,1.95X
603638,艾迪精密,2026-06-12,23.26,-1.15%,"形态: 两连阴 (-2.06%, -1.59%) | 趋势: 高于MA20",22.94,22.07,1.22X
002202,金风科技,2026-06-12,21.43,1.42%,"形态: 两连阴 (-3.41%, -0.56%)",23.58,25.51,1.46X
600163,中闽能源,2026-06-12,6.23,9.68%,量能: 放量 (1.61X),6.56,6.55,1.61X
002078,太阳纸业,2026-06-12,13.76,2.99%,趋势: 高于MA20 | 动量: 突破转强 (阳线上穿5/10),13.45,14.32,1.09X
002624,完美世界,2026-06-12,13.25,0.30%,"形态: 两连阴 (-2.79%, -5.24%)",14.12,16.89,1.03X
600189,泉阳泉,2026-06-12,7.85,1.42%,"形态: 两连阴 (-0.13%, -1.90%) | 动量: 突破转强 (阳线上穿5/10)",8.15,8.01,0.66X
000532,华金资本,2026-06-12,11.55,0.17%,"形态: 两连阴 (-3.65%, -2.95%)",12.46,13.03,0.76X
600877,电科芯片,2026-06-12,13.36,1.75%,"形态: 两连阴 (-2.25%, -2.31%)",14.83,16.00,1.11X
002698,博实股份,2026-06-12,11.54,0.26%,"量能: 放量 (1.50X) | 形态: 两连阴 (-2.88%, -5.35%)",13.00,13.56,1.50X
600749,西藏旅游,2026-06-12,16.22,0.62%,趋势: 高于MA20,15.43,16.49,0.86X
002245,蔚蓝锂芯,2026-06-12,19.26,-2.97%,"形态: 两连阴 (-2.87%, -5.34%)",21.63,20.35,1.23X
603776,永安行,2026-06-12,20.2,3.64%,"形态: 两连阴 (-0.56%, -0.56%) | 动量: 突破转强 (阳线上穿5/10)",20.59,19.85,1.02X
600222,太龙药业,2026-06-12,7.9,3.81%,"形态: 两连阴 (-4.07%, -2.19%)",7.99,7.45,0.78X
600768,宁波富邦,2026-06-12,15.29,1.26%,"形态: 两连阴 (-1.03%, -1.56%)",16.76,17.19,1.05X
603209,兴通股份,2026-06-12,13.11,2.10%,"形态: 两连阴 (-2.36%, -1.61%)",13.99,14.59,0.97X
002215,诺 普 信,2026-06-12,9.58,9.99%,"量能: 放量 (2.10X) | 形态: 10日内有涨停 | 形态: 两连阴 (-0.90%, -0.91%) | 趋势: 高于MA20 | 动量: 突破转强 (阳线上穿5/10)",9.21,9.97,2.10X
002579,中京电子,2026-06-12,15.1,-1.24%,"形态: 10日内有涨停 | 形态: 两连阴 (-5.50%, -3.35%)",16.22,13.81,0.98X
603890,春秋电子,2026-06-12,22.84,0.18%,"形态: 10日内有涨停 | 形态: 两连阴 (-7.20%, -3.39%)",24.69,19.24,0.84X
000655,金岭矿业,2026-06-12,7.17,3.17%,量能: 放量 (1.52X) | 动量: 突破转强 (阳线上穿5/10),7.30,8.19,1.52X
000048,京基智农,2026-06-12,18.91,-3.57%,量能: 放量 (2.14X) | 形态: 10日内有涨停 | 趋势: 高于MA20,14.64,16.15,2.14X
600135,乐凯胶片,2026-06-12,9.09,1.56%,动量: 突破转强 (阳线上穿5/10),9.71,10.47,1.39X
002724,海洋王,2026-06-12,5.17,0.19%,"形态: 两连阴 (-1.32%, -1.53%)",5.74,6.48,0.71X
600100,同方股份,2026-06-12,7.11,3.04%,"量能: 放量 (1.54X) | 形态: 两连阴 (-1.65%, -3.77%)",7.88,8.16,1.54X
002583,海能达,2026-06-12,9.55,2.91%,形态: 10日内有涨停 | 趋势: 高于MA20 | 动量: 突破转强 (阳线上穿5/10),8.85,9.81,1.17X
002246,北化股份,2026-06-12,21.36,4.20%,趋势: 高于MA20 | 动量: 突破转强 (阳线上穿5/10),20.30,23.15,1.28X
002249,大洋电机,2026-06-12,7.95,1.27%,"形态: 两连阴 (-4.07%, -2.12%)",8.87,9.21,0.87X
002037,保利联合,2026-06-12,6.95,2.06%,"形态: 两连阴 (-0.86%, -1.16%)",7.42,8.03,1.02X
600884,杉杉股份,2026-06-12,13.62,3.97%,动量: 突破转强 (阳线上穿5/10),14.22,14.56,1.37X
600338,西藏珠峰,2026-06-12,17.87,3.90%,动量: 突破转强 (阳线上穿5/10),18.48,19.54,1.48X
002123,梦网科技,2026-06-12,7.52,1.76%,"形态: 两连阴 (-1.15%, -4.27%)",8.68,9.52,1.03X
600288,大恒科技,2026-06-12,12.25,0.82%,"形态: 10日内有涨停 | 形态: 两连阴 (-2.06%, -2.41%) | 动量: 突破转强 (阳线上穿5/10)",12.82,14.15,0.36X
002845,同兴达,2026-06-12,14.18,-7.20%,"形态: 两连阴 (-2.97%, -0.33%)",15.58,14.62,1.37X
600558,大西洋,2026-06-12,5.42,2.85%,"趋势: 多头排列 (5>20>60) | 形态: 两连阴 (-2.92%, -1.13%)",7.16,6.11,1.24X
601133,柏诚股份,2026-06-12,29.45,-4.66%,量能: 放量 (2.02X) | 趋势: 高于MA20,27.49,23.89,2.02X
002276,万马股份,2026-06-12,10.79,1.31%,"形态: 两连阴 (-3.95%, -2.65%)",12.07,13.37,1.03X
603823,百合花,2026-06-12,43.01,0.89%,趋势: 多头排列 (5>20>60) | 形态: 10日内有涨停 | 趋势: 高于MA20 | 动量: 突破转强 (阳线上穿5/10),29.02,20.58,1.02X
002648,卫星化学,2026-06-12,24.16,2.55%,"量能: 放量 (1.60X) | 形态: 两连阴 (-1.49%, -0.76%) | 动量: 突破转强 (阳线上穿5/10)",24.35,26.48,1.60X
002184,海得控制,2026-06-12,10.55,-1.22%,"形态: 两连阴 (-3.96%, -4.30%)",11.88,11.71,0.81X
000425,徐工机械,2026-06-12,9.12,3.05%,"形态: 两连阴 (-6.93%, -4.53%)",9.51,10.02,0.95X
002968,新大正,2026-06-12,9.55,1.38%,"形态: 两连阴 (-0.42%, -0.42%)",10.14,11.20,0.80X
002067,景兴纸业,2026-06-12,4.18,1.95%,"形态: 两连阴 (-5.49%, -4.65%)",4.87,4.90,0.92X
002910,庄园牧场,2026-06-12,10.11,3.69%,趋势: 高于MA20 | 动量: 突破转强 (阳线上穿5/10),10.08,10.67,1.10X
002320,海峡股份,2026-06-12,6.93,2.36%,"形态: 两连阴 (-1.15%, -1.60%)",7.51,8.25,1.11X
001376,百通能源,2026-06-12,12.09,3.78%,"形态: 10日内有涨停 | 形态: 两连阴 (-3.81%, -1.94%)",13.65,15.18,0.98X
601919,中远海控,2026-06-12,14.57,2.39%,"形态: 两连阴 (-2.70%, -1.25%) | 趋势: 高于MA20",14.53,14.75,1.36X
002401,中远海科,2026-06-12,12.7,2.25%,"形态: 两连阴 (-0.78%, -2.20%)",13.35,14.43,1.13X
